company,company_type,attendee_count,match_method,match_score,match_variant,unitid,matched_ipeds_name,candidate_source,currently_precomputed_local,readiness_status,selection_tier,data_readiness_score,bachelor_users_2005_2025,recent_bachelor_users_2020_2025,needs_match_review
Northern Virginia Community College,College 2 Year Public,19,exact,100.0,Northern Virginia Community College,232946,Northern Virginia Community College,ipeds_names_reference.csv,no,,,,,,no
Purdue University Global,College 4 Year Public,18,exact,100.0,Purdue University Global,489779,Purdue University Global,ipeds_names_reference.csv,no,high_confidence,strong,87.2,59567.0,21699.0,no
Washington University in St. Louis - Center for Career Engagement,College 4 Year Private,16,exact,100.0,Washington University in St. Louis,179867,Washington University in St Louis,ipeds_names_reference.csv,no,high_confidence,strong,86.4,30220.0,10254.0,no
University of California - Santa Cruz,College 4 Year Public,15,exact,100.0,University of California - Santa Cruz,110714,University of California-Santa Cruz,ipeds_names_reference.csv,no,high_confidence,strong,92.4,58998.0,19236.0,no
William & Mary,College 4 Year Public,12,exact,100.0,William & Mary,231624,William & Mary,ipeds_names_reference.csv,no,review,review_match,83.3,25708.0,8265.0,yes
The University of Texas at Austin - Career Success,College 4 Year Public,11,exact,100.0,The University of Texas at Austin,228778,The University of Texas at Austin,ipeds_names_reference.csv,yes,high_confidence,strong,89.2,153775.0,49745.0,no
University of Colorado Denver - Experiential Learning Center,College 4 Year Public,11,exact,100.0,University of Colorado Denver,126562,University of Colorado Denver/Anschutz Medical Campus,revelio_ipeds_institution_mapping.csv,no,,,,,,no
University of Colorado at Boulder,College 4 Year Public,11,exact,100.0,University of Colorado at Boulder,126614,University of Colorado Boulder,nace_school_candidates_matched.csv,no,review,review_match,89.7,120845.0,41290.0,yes
Colorado School of Mines,College 4 Year Public,10,exact,100.0,Colorado School of Mines,126775,Colorado School of Mines,ipeds_names_reference.csv,no,high_confidence,usable,72.8,16537.0,6224.0,no
Central New Mexico Community College,College 2 Year Public,9,exact,100.0,Central New Mexico Community College,187532,Central New Mexico Community College,ipeds_names_reference.csv,no,,,,,,no
The University of Montana - Missoula,College 4 Year Public,9,exact,100.0,The University of Montana,180489,The University of Montana,ipeds_names_reference.csv,no,high_confidence,usable,62.1,16756.0,3474.0,no
California State University - Sacramento - Student Success & Academic Excellence,College 4 Year Public,8,exact,100.0,California State University Sacramento,110617,California State University-Sacramento,ipeds_names_reference.csv,yes,high_confidence,strong,90.5,66976.0,22178.0,no
Cornell University - Cornell Career Services,College 4 Year Private,8,exact,100.0,Cornell University,190415,Cornell University,ipeds_names_reference.csv,yes,high_confidence,strong,86.5,67634.0,21755.0,no
Dartmouth College,College 4 Year Private,8,exact,100.0,Dartmouth College,182670,Dartmouth College,ipeds_names_reference.csv,no,high_confidence,strong,76.0,19806.0,6318.0,no
The University of Kansas - University Career Center,College 4 Year Public,8,exact,100.0,The University of Kansas,155317,University of Kansas,ipeds_names_reference.csv,yes,high_confidence,strong,89.2,56601.0,16728.0,no
The University of Oklahoma,College 4 Year Public,8,exact,100.0,The University of Oklahoma,207500,University of Oklahoma-Norman Campus,revelio_ipeds_institution_mapping.csv,no,high_confidence,strong,89.0,59387.0,18319.0,no
The University of Texas at Arlington,College 4 Year Public,8,exact,100.0,The University of Texas at Arlington,228769,The University of Texas at Arlington,ipeds_names_reference.csv,no,high_confidence,strong,88.3,71452.0,25329.0,no
Kansas State University,College 4 Year Public,7,exact,100.0,Kansas State University,155399,Kansas State University,ipeds_names_reference.csv,yes,high_confidence,strong,90.0,46562.0,12661.0,no
Passaic County Community College,College 2 Year Public,7,exact,100.0,Passaic County Community College,186034,Passaic County Community College,ipeds_names_reference.csv,no,,,,,,no
University of Central Florida - Career Services,College 4 Year Public,7,exact,100.0,University of Central Florida,132903,University of Central Florida,ipeds_names_reference.csv,yes,high_confidence,strong,91.9,175897.0,63411.0,no
Villanova University,College 4 Year Private,7,exact,100.0,Villanova University,216597,Villanova University,ipeds_names_reference.csv,no,high_confidence,strong,86.3,29829.0,9458.0,no
"Arizona State University - University College (Tempe, AZ)",College 4 Year Public,6,exact,100.0,Arizona State University,104151,Arizona State University Campus Immersion,revelio_ipeds_institution_mapping.csv,no,review,review_match,89.1,235086.0,99577.0,yes
Atlanta Technical College,College 2 Year Public,6,exact,100.0,Atlanta Technical College,138840,Atlanta Technical College,ipeds_names_reference.csv,no,,,,,,no
Binghamton University - SUNY,College 4 Year Public,6,exact,100.0,Binghamton University,196079,Binghamton University,ipeds_names_reference.csv,no,high_confidence,strong,90.8,48472.0,17035.0,no
California State University - Fresno,College 4 Year Public,6,exact,100.0,California State University - Fresno,110556,California State University-Fresno,ipeds_names_reference.csv,no,high_confidence,avoid,-6.2,1.0,0.0,no
Colorado College,College 4 Year Private,6,exact,100.0,Colorado College,126678,Colorado College,ipeds_names_reference.csv,no,high_confidence,thin,52.1,8643.0,2548.0,no
James Madison University,College 4 Year Public,6,exact,100.0,James Madison University,232423,James Madison University,ipeds_names_reference.csv,yes,high_confidence,strong,92.8,63900.0,20376.0,no
Morehouse College,College 4 Year Private,6,exact,100.0,Morehouse College,140553,Morehouse College,ipeds_names_reference.csv,no,high_confidence,usable,55.4,8355.0,2425.0,no
Occidental College,College 4 Year Private,6,exact,100.0,Occidental College,120254,Occidental College,ipeds_names_reference.csv,no,,,,,,no
Pennsylvania State University - College of the Liberal Arts,College 4 Year Public,6,exact,100.0,Pennsylvania State University,214777,Pennsylvania State University-Main Campus,nace_school_candidates_matched.csv,no,high_confidence,avoid,0.0,0.0,0.0,no
Pikes Peak State College,College 4 Year Public,6,exact,100.0,Pikes Peak State College,127820,Pikes Peak State College,ipeds_names_reference.csv,no,high_confidence,avoid,16.9,537.0,286.0,no
University of Cincinnati,College 4 Year Public,6,exact,100.0,University of Cincinnati,201885,University of Cincinnati-Main Campus,revelio_ipeds_institution_mapping.csv,no,high_confidence,strong,88.5,77714.0,30634.0,no
University of Colorado at Boulder - Leeds School of Business - Employer Relations,College 4 Year Public,6,exact,100.0,University of Colorado at Boulder,126614,University of Colorado Boulder,nace_school_candidates_matched.csv,no,review,review_match,89.7,120845.0,41290.0,yes
University of Florida - Warrington College of Business Administration,College 4 Year Public,6,exact,100.0,University of Florida,134130,University of Florida,ipeds_names_reference.csv,yes,high_confidence,strong,89.0,139813.0,47716.0,no
University of Northern Colorado,College 4 Year Public,6,exact,100.0,University of Northern Colorado,127741,University of Northern Colorado,ipeds_names_reference.csv,no,high_confidence,usable,71.4,20793.0,4678.0,no
University of Redlands,College 4 Year Private,6,exact,100.0,University of Redlands,121691,University of Redlands,ipeds_names_reference.csv,no,high_confidence,thin,50.7,10949.0,2682.0,no
University of Virginia - Career Center,College 4 Year Public,6,exact,100.0,University of Virginia,234076,University of Virginia-Main Campus,revelio_ipeds_institution_mapping.csv,yes,high_confidence,strong,88.1,65615.0,22206.0,no
Virginia Tech - Career and Professional Development,College 4 Year Public,6,exact,100.0,Virginia Tech - Career and Professional Development,233921,Virginia Polytechnic Institute and State University,nace_school_candidates_matched.csv,no,review,review_match,0.0,0.0,0.0,yes
Washington State College of Ohio,College 2 Year Public,6,exact,100.0,Washington State College of Ohio,206446,Washington State College of Ohio,ipeds_names_reference.csv,no,,,,,,no
Xavier University -  Career Development Office,College 4 Year Private,6,exact,100.0,Xavier University,206622,Xavier University,ipeds_names_reference.csv,no,,,,,,no
Arizona State University - W.P. Carey School of Business,College 4 Year Public,5,exact,100.0,Arizona State University,104151,Arizona State University Campus Immersion,revelio_ipeds_institution_mapping.csv,no,review,review_match,89.1,235086.0,99577.0,yes
Beacon College,College 4 Year Private,5,exact,100.0,Beacon College,384254,Beacon College,ipeds_names_reference.csv,no,,,,,,no
Bridgewater State University,College 4 Year Public,5,exact,100.0,Bridgewater State University,165024,Bridgewater State University,ipeds_names_reference.csv,no,high_confidence,strong,75.8,20453.0,5770.0,no
California State University - Fullerton,College 4 Year Public,5,exact,100.0,California State University - Fullerton,110565,California State University-Fullerton,ipeds_names_reference.csv,yes,high_confidence,strong,91.3,98053.0,33061.0,no
Florida International University - College of Business,College 4 Year Public,5,exact,100.0,Florida International University,133951,Florida International University,ipeds_names_reference.csv,no,high_confidence,strong,90.0,127198.0,50580.0,no
Gateway Technical College,College 2 Year Public,5,exact,100.0,Gateway Technical College,238759,Gateway Technical College,ipeds_names_reference.csv,no,,,,,,no
Hobart and William Smith Colleges,College 4 Year Private,5,exact,100.0,Hobart and William Smith Colleges,191630,Hobart William Smith Colleges,revelio_ipeds_institution_mapping.csv,no,high_confidence,thin,48.9,7683.0,2068.0,no
Illinois State University,College 4 Year Public,5,exact,100.0,Illinois State University,145813,Illinois State University,ipeds_names_reference.csv,no,,,,,,no
Iowa State University,College 4 Year Public,5,exact,100.0,Iowa State University,153603,Iowa State University,ipeds_names_reference.csv,yes,high_confidence,strong,91.4,76897.0,24449.0,no
Lake Forest College,College 4 Year Private,5,exact,100.0,Lake Forest College,146481,Lake Forest College,ipeds_names_reference.csv,no,,,,,,no
Marist University,College 4 Year Private,5,exact,100.0,Marist University,192819,Marist University,ipeds_names_reference.csv,no,high_confidence,thin,40.8,5729.0,1681.0,no
Miami University - Center for Career Exploration & Success,College 4 Year Public,5,exact,100.0,Miami University,135726,University of Miami,revelio_ipeds_institution_mapping.csv,no,high_confidence,strong,87.6,46888.0,15026.0,no
Montana State University - Bozeman,College 4 Year Public,5,exact,100.0,Montana State University - Bozeman,180461,Montana State University,revelio_ipeds_institution_mapping.csv,no,high_confidence,strong,86.1,25021.0,8582.0,no
Pellissippi State Community College,College 2 Year Public,5,exact,100.0,Pellissippi State Community College,221643,Pellissippi State Community College,ipeds_names_reference.csv,no,,,,,,no
Pima Community College,College 2 Year Public,5,exact,100.0,Pima Community College,105525,Pima Community College,ipeds_names_reference.csv,no,,,,,,no
Quinnipiac University,College 4 Year Private,5,exact,100.0,Quinnipiac University,130226,Quinnipiac University,ipeds_names_reference.csv,no,high_confidence,strong,79.4,22487.0,7435.0,no
Simmons University - Career Education Center,College 4 Year Private,5,exact,100.0,Simmons University,167783,Simmons University,ipeds_names_reference.csv,no,high_confidence,thin,40.8,6881.0,1905.0,no
Sinclair Community College,College 2 Year Public,5,exact,100.0,Sinclair Community College,205470,Sinclair Community College,ipeds_names_reference.csv,no,,,,,,no
Southern New Hampshire University - COCE Career Services,College 4 Year Private,5,exact,100.0,Southern New Hampshire University,183026,Southern New Hampshire University,ipeds_names_reference.csv,no,high_confidence,strong,88.2,128026.0,88898.0,no
Spelman College - Quality Enhancement Plan,College 4 Year Private,5,exact,100.0,Spelman College,141060,Spelman College,ipeds_names_reference.csv,no,high_confidence,usable,58.7,9068.0,2826.0,no
The University of Alabama - Career Center,College 4 Year Public,5,exact,100.0,The University of Alabama,100751,The University of Alabama,ipeds_names_reference.csv,yes,high_confidence,strong,90.9,83138.0,30613.0,no
The University of Tennessee at Chattanooga,College 4 Year Public,5,exact,100.0,The University of Tennessee at Chattanooga,221740,The University of Tennessee-Chattanooga,revelio_ipeds_institution_mapping.csv,no,high_confidence,strong,81.4,22205.0,7492.0,no
The University of Texas at San Antonio - Career Services,College 4 Year Public,5,exact,100.0,The University of Texas at San Antonio,229027,The University of Texas at San Antonio,ipeds_names_reference.csv,yes,high_confidence,strong,91.3,64916.0,24130.0,no
University of California - Merced,College 4 Year Public,5,exact,100.0,University of California - Merced,445188,University of California-Merced,ipeds_names_reference.csv,no,,,,,,no
University of Colorado at Boulder - Leeds School of Business - Career Development,College 4 Year Public,5,exact,100.0,University of Colorado at Boulder,126614,University of Colorado Boulder,nace_school_candidates_matched.csv,no,review,review_match,89.7,120845.0,41290.0,yes
University of Connecticut - Center for Career Development,College 4 Year Public,5,exact,100.0,University of Connecticut,129020,University of Connecticut,ipeds_names_reference.csv,yes,high_confidence,strong,89.7,72610.0,24092.0,no
University of Illinois at Urbana - Champaign - The Career Center,College 4 Year Public,5,exact,100.0,University of Illinois at Urbana,145637,University of Illinois Urbana-Champaign,nace_school_candidates_matched.csv,no,high_confidence,strong,88.8,124476.0,40156.0,no
Virginia Commonwealth University,College 4 Year Public,5,exact,100.0,Virginia Commonwealth University,234030,Virginia Commonwealth University,ipeds_names_reference.csv,yes,high_confidence,strong,89.7,64447.0,20330.0,no
Virginia Tech,College 4 Year Public,5,exact,100.0,Virginia Tech,233921,Virginia Polytechnic Institute and State University,revelio_ipeds_institution_mapping.csv,no,review,review_match,0.0,0.0,0.0,yes
Western Governors University,College 4 Year Private,5,exact,100.0,Western Governors University,433387,Western Governors University,ipeds_names_reference.csv,no,high_confidence,strong,86.8,161697.0,105216.0,no
WyoTech,College Other,5,exact,100.0,WyoTech,240718,WyoTech,ipeds_names_reference.csv,no,high_confidence,avoid,7.5,57.0,2.0,no
Aims Community College,College 2 Year Public,4,exact,100.0,Aims Community College,126207,Aims Community College,ipeds_names_reference.csv,no,,,,,,no
Alfred State College - SUNY,College 4 Year Public,4,exact,100.0,Alfred State College,196006,SUNY College of Technology at Alfred,nace_school_candidates_matched.csv,no,high_confidence,thin,39.2,4185.0,1521.0,no
American University - Kogod School of Business,College 4 Year Private,4,exact,100.0,American University,131159,American University,ipeds_names_reference.csv,no,high_confidence,strong,85.9,31877.0,10291.0,no
Anne Arundel Community College,College 2 Year Public,4,exact,100.0,Anne Arundel Community College,161767,Anne Arundel Community College,ipeds_names_reference.csv,no,,,,,,no
Baruch College,College 4 Year Public,4,exact,100.0,Baruch College,190512,CUNY Bernard M Baruch College,revelio_ipeds_institution_mapping.csv,no,high_confidence,strong,88.7,47938.0,17856.0,no
Bentley University,College 4 Year Private,4,exact,100.0,Bentley University,164739,Bentley University,ipeds_names_reference.csv,no,high_confidence,usable,73.6,19300.0,5967.0,no
Bronx Community College,College 2 Year Public,4,fuzzy,100.0,Bronx Community College,190530,CUNY Bronx Community College,ipeds_names_reference.csv,no,,,,,,no
California State University - Bakersfield,College 4 Year Public,4,exact,100.0,California State University - Bakersfield,110486,California State University-Bakersfield,ipeds_names_reference.csv,no,,,,,,no
College of the Sequoias,College 2 Year Public,4,exact,100.0,College of the Sequoias,123217,College of the Sequoias,ipeds_names_reference.csv,no,,,,,,no
Community College of Aurora,College 2 Year Public,4,exact,100.0,Community College of Aurora,126863,Community College of Aurora,ipeds_names_reference.csv,no,,,,,,no
Diablo Valley College,College 2 Year Public,4,exact,100.0,Diablo Valley College,113634,Diablo Valley College,ipeds_names_reference.csv,no,,,,,,no
Endicott College,College 4 Year Private,4,exact,100.0,Endicott College,165699,Endicott College,ipeds_names_reference.csv,no,high_confidence,usable,58.8,9819.0,3592.0,no
Fairleigh Dickinson University,College 4 Year Private,4,exact,100.0,Fairleigh Dickinson University,184694,Fairleigh Dickinson University-Florham Campus,revelio_ipeds_institution_mapping.csv,no,,,,,,no
Florida Gulf Coast University,College 4 Year Public,4,exact,100.0,Florida Gulf Coast University,433660,Florida Gulf Coast University,ipeds_names_reference.csv,yes,high_confidence,strong,90.8,28497.0,11213.0,no
Grinnell College,College 4 Year Private,4,exact,100.0,Grinnell College,153384,Grinnell College,ipeds_names_reference.csv,no,high_confidence,thin,44.2,6498.0,2024.0,no
"HACC, Central Pennsylvania’s Community College",College 2 Year Public,4,exact,100.0,"HACC, Central Pennsylvania’s Community College",212878,Harrisburg Area Community College,revelio_ipeds_institution_mapping.csv,no,,,,,,no
Herzing University,College 4 Year Private,4,exact,100.0,Herzing University,476072,Herzing University,revelio_ipeds_institution_mapping.csv,no,,,,,,no
Indiana University - Bloomington - College of Arts + Sciences,College 4 Year Public,4,fuzzy,100.0,Indiana University,475741,Chamberlain University-Indiana,ipeds_names_reference.csv,no,,,,,,no
Kingsborough Community College,College 2 Year Public,4,exact,100.0,Kingsborough Community College,190619,CUNY Kingsborough Community College,revelio_ipeds_institution_mapping.csv,no,,,,,,no
Massachusetts College of Pharmacy & Health Sciences,College 4 Year Private,4,exact,100.0,Massachusetts College of Pharmacy & Health Sciences,188526,Albany College of Pharmacy and Health Sciences,nace_school_candidates_matched.csv,no,review,review_match,13.9,540.0,265.0,yes
Mercy University,College 4 Year Private,4,exact,100.0,Mercy University,193016,Mercy University,ipeds_names_reference.csv,no,high_confidence,avoid,0.0,0.0,0.0,no
Miami Dade College Wolfson Campus - STEM Legacy,College 4 Year Public,4,exact,100.0,Miami Dade College Wolfson Campus,135717,Miami Dade College,nace_school_candidates_matched.csv,no,high_confidence,usable,59.7,13399.0,5771.0,no
Michigan State University - Career Services,College 4 Year Public,4,exact,100.0,Michigan State University,171100,Michigan State University,ipeds_names_reference.csv,yes,high_confidence,strong,90.0,124610.0,37561.0,no
New York University - The Wasserman Center for Career Development at SPS,College 4 Year Private,4,exact,100.0,New York University,193900,New York University,ipeds_names_reference.csv,yes,high_confidence,strong,84.8,115812.0,39621.0,no
North Carolina A&T State University,College 4 Year Public,4,exact,100.0,North Carolina A&T State University,199102,North Carolina A & T State University,ipeds_names_reference.csv,no,review,review_match,85.6,24416.0,9127.0,yes
North Dakota State University,College 4 Year Public,4,exact,100.0,North Dakota State University,200332,North Dakota State University-Main Campus,revelio_ipeds_institution_mapping.csv,no,high_confidence,strong,79.3,23757.0,6606.0,no
Northeastern University - D'Amore-McKim School of Business,College 4 Year Private,4,exact,100.0,Northeastern University,167358,Northeastern University,ipeds_names_reference.csv,no,high_confidence,strong,86.5,80730.0,30818.0,no
Northwestern University,College 4 Year Private,4,exact,100.0,Northwestern University,147767,Northwestern University,ipeds_names_reference.csv,yes,high_confidence,strong,84.3,39913.0,12555.0,no
Old Dominion University,College 4 Year Public,4,exact,100.0,Old Dominion University,232982,Old Dominion University,ipeds_names_reference.csv,yes,high_confidence,strong,89.8,45956.0,13582.0,no
Prairie View A&M University,College 4 Year Public,4,exact,100.0,Prairie View A&M University,227526,Prairie View A & M University,ipeds_names_reference.csv,no,high_confidence,usable,72.3,15305.0,5614.0,no
Purdue University - Center for Career Opportunities,College 4 Year Public,4,exact,100.0,Purdue University,243780,Purdue University-Main Campus,revelio_ipeds_institution_mapping.csv,yes,high_confidence,strong,89.5,127216.0,45700.0,no
Rutgers University - New Brunswick - Career Exploration & Success,College 4 Year Public,4,exact,100.0,Rutgers University,186380,Rutgers University-New Brunswick,revelio_ipeds_institution_mapping.csv,no,high_confidence,strong,89.6,34738.0,20651.0,no
Salve Regina University,College 4 Year Private,4,exact,100.0,Salve Regina University,217536,Salve Regina University,ipeds_names_reference.csv,no,high_confidence,thin,45.7,6738.0,2245.0,no
Southern New Hampshire University,College 4 Year Private,4,exact,100.0,Southern New Hampshire University,183026,Southern New Hampshire University,ipeds_names_reference.csv,no,high_confidence,strong,88.2,128026.0,88898.0,no
Texas A&M University - Corpus Christi,College 4 Year Public,4,exact,100.0,Texas A&M University - Corpus Christi,224147,Texas A & M University-Corpus Christi,ipeds_names_reference.csv,no,,,,,,no
Texas Tech University - Career Center,College 4 Year Public,4,exact,100.0,Texas Tech University,229115,Texas Tech University,ipeds_names_reference.csv,yes,high_confidence,strong,90.4,82401.0,27708.0,no
Texas Tech University - Rawls College of Business,College 4 Year Public,4,exact,100.0,Texas Tech University,229115,Texas Tech University,ipeds_names_reference.csv,yes,high_confidence,strong,90.4,82401.0,27708.0,no
The Catholic University of America,College 4 Year Private,4,exact,100.0,The Catholic University of America,131283,The Catholic University of America,ipeds_names_reference.csv,no,high_confidence,usable,55.9,11493.0,3285.0,no
The University of Tennessee - Center for Career Development,College 4 Year Public,4,exact,100.0,The University of Tennessee,221768,The University of Tennessee-Martin,nace_school_candidates_matched.csv,no,review,review_match,51.2,9435.0,2217.0,yes
The University of Vermont,College 4 Year Public,4,exact,100.0,The University of Vermont,231174,University of Vermont,ipeds_names_reference.csv,yes,high_confidence,strong,91.3,35290.0,11213.0,no
Touro University,College 4 Year Private,4,exact,100.0,Touro University,196592,Touro University,ipeds_names_reference.csv,no,high_confidence,thin,45.3,9602.0,2403.0,no
University at Albany - SUNY,College 4 Year Public,4,exact,100.0,University at Albany,196060,University at Albany,ipeds_names_reference.csv,no,high_confidence,avoid,0.0,0.0,0.0,no
University at Buffalo - The State University of New York – Career Design Center,College 4 Year Public,4,exact,100.0,University at Buffalo,196088,University at Buffalo,ipeds_names_reference.csv,no,high_confidence,strong,88.8,66198.0,22564.0,no
University of California - Berkeley,College 4 Year Public,4,exact,100.0,University of California - Berkeley,110635,University of California-Berkeley,ipeds_names_reference.csv,yes,high_confidence,strong,87.8,134138.0,45886.0,no
University of Denver - Career Center,College 4 Year Private,4,exact,100.0,University of Denver,127060,University of Denver,ipeds_names_reference.csv,no,high_confidence,usable,74.2,21549.0,7010.0,no
University of Maryland - Baltimore County,College 4 Year Public,4,exact,100.0,University of Maryland - Baltimore County,163268,University of Maryland-Baltimore County,ipeds_names_reference.csv,yes,high_confidence,strong,89.8,31711.0,9819.0,no
University of Massachusetts - Amherst,College 4 Year Public,4,exact,100.0,University of Massachusetts - Amherst,166629,University of Massachusetts-Amherst,ipeds_names_reference.csv,no,,,,,,no
University of Michigan - Flint,College 4 Year Public,4,exact,100.0,University of Michigan - Flint,171146,University of Michigan-Flint,ipeds_names_reference.csv,no,review,review_match,53.2,9822.0,2780.0,yes
University of Michigan - University Career Center,College 4 Year Public,4,exact,100.0,University of Michigan,170976,University of Michigan-Ann Arbor,revelio_ipeds_institution_mapping.csv,yes,,,,,,no
University of Nebraska - Lincoln - Career Services,College 4 Year Public,4,exact,100.0,University of Nebraska,181215,University of Nebraska at Kearney,nace_school_candidates_matched.csv,no,review,review_match,49.3,8596.0,2400.0,yes
University of North Florida - Career Services,College 4 Year Public,4,exact,100.0,University of North Florida,136172,University of North Florida,ipeds_names_reference.csv,yes,high_confidence,strong,91.1,42281.0,13392.0,no
University of South Carolina - Columbia - Moore School of Business,College 4 Year Public,4,exact,100.0,University of South Carolina,218663,University of South Carolina-Columbia,revelio_ipeds_institution_mapping.csv,yes,high_confidence,strong,90.3,76575.0,27222.0,no
University of Wisconsin - Madison - College of Agricultural and Life Sciences,College 4 Year Public,4,fuzzy,100.0,University of Wisconsin,240268,University of Wisconsin-Eau Claire,ipeds_names_reference.csv,no,,,,,,no
University of Wyoming,College 4 Year Public,4,exact,100.0,University of Wyoming,240727,University of Wyoming,ipeds_names_reference.csv,no,high_confidence,usable,74.3,20720.0,5820.0,no
Vermont State University,College 4 Year Public,4,exact,100.0,Vermont State University,231165,Vermont State University,ipeds_names_reference.csv,no,,,,,,no
Louisiana State University – LSU Olinde Career Center,College 4 Year Public,4,fuzzy,88.1,Louisiana State University – LSU Olinde Career Center,159407,Louisiana State University-Eunice,ipeds_names_reference.csv,no,,,,,,yes
Adams State University,College 4 Year Public,3,exact,100.0,Adams State University,126182,Adams State University,ipeds_names_reference.csv,no,high_confidence,avoid,26.6,3058.0,675.0,no
Albany State University,College 4 Year Public,3,exact,100.0,Albany State University,138716,Albany State University,ipeds_names_reference.csv,no,high_confidence,thin,36.9,5884.0,1484.0,no
Alcorn State University,College 4 Year Public,3,exact,100.0,Alcorn State University,175342,Alcorn State University,ipeds_names_reference.csv,no,high_confidence,thin,38.2,3952.0,1115.0,no
American University - Career Center,College 4 Year Private,3,exact,100.0,American University,131159,American University,ipeds_names_reference.csv,no,high_confidence,strong,85.9,31877.0,10291.0,no
Arapahoe Community College,College 4 Year Public,3,exact,100.0,Arapahoe Community College,126289,Arapahoe Community College,ipeds_names_reference.csv,no,high_confidence,avoid,16.1,415.0,229.0,no
Auburn University - Samuel Ginn College of Engineering,College 4 Year Public,3,exact,100.0,Auburn University,100858,Auburn University,ipeds_names_reference.csv,yes,high_confidence,strong,90.9,69236.0,25539.0,no
Berea College,College 4 Year Private,3,exact,100.0,Berea College,156295,Berea College,ipeds_names_reference.csv,no,high_confidence,thin,43.9,4446.0,1313.0,no
Boise State University - College of Business and Economics,College 4 Year Public,3,exact,100.0,Boise State University,142115,Boise State University,ipeds_names_reference.csv,yes,high_confidence,strong,90.5,37566.0,14153.0,no
Boston College - Career Center,College 4 Year Private,3,exact,100.0,Boston College,164924,Boston College,ipeds_names_reference.csv,no,high_confidence,strong,88.1,41883.0,13121.0,no
Brandeis University,College 4 Year Private,3,exact,100.0,Brandeis University,165015,Brandeis University,ipeds_names_reference.csv,no,high_confidence,usable,64.0,14709.0,4505.0,no
Bridgewater College,College 4 Year Private,3,exact,100.0,Bridgewater College,231581,Bridgewater College,ipeds_names_reference.csv,no,high_confidence,thin,35.7,4409.0,1140.0,no
Butler Community College,College 2 Year Public,3,exact,100.0,Butler Community College,154800,Butler Community College,ipeds_names_reference.csv,no,,,,,,no
Central Connecticut State University,College 4 Year Public,3,exact,100.0,Central Connecticut State University,128771,Central Connecticut State University,ipeds_names_reference.csv,no,high_confidence,strong,76.7,22197.0,5965.0,no
Chippewa Valley Technical College,College 2 Year Public,3,exact,100.0,Chippewa Valley Technical College,240116,Chippewa Valley Technical College,ipeds_names_reference.csv,no,,,,,,no
City Colleges of Chicago,College Other,3,exact,100.0,City Colleges of Chicago,144500,City Colleges of Chicago-District Office,revelio_ipeds_institution_mapping.csv,no,review,review_match,7.4,826.0,359.0,yes
Clark Atlanta University,College 4 Year Private,3,exact,100.0,Clark Atlanta University,138947,Clark Atlanta University,ipeds_names_reference.csv,no,high_confidence,thin,54.9,9780.0,2858.0,no
Clarkson University,College 4 Year Private,3,exact,100.0,Clarkson University,190044,Clarkson University,ipeds_names_reference.csv,no,high_confidence,usable,56.1,10813.0,3020.0,no
Colby College,College 4 Year Private,3,exact,100.0,Colby College,161086,Colby College,ipeds_names_reference.csv,no,high_confidence,thin,52.3,8581.0,2783.0,no
Colorado Community College System,College 2 Year Public,3,fuzzy,100.0,Colorado Community College System,126678,Colorado College,ipeds_names_reference.csv,no,high_confidence,thin,52.1,8643.0,2548.0,no
Columbia University - Center for Career Education,College 4 Year Private,3,exact,100.0,Columbia University,190150,Columbia University in the City of New York,revelio_ipeds_institution_mapping.csv,yes,high_confidence,strong,83.3,43458.0,14231.0,no
Community College of Denver,College 2 Year Public,3,exact,100.0,Community College of Denver,126942,Community College of Denver,ipeds_names_reference.csv,no,,,,,,no
Contra Costa College,College 2 Year Public,3,exact,100.0,Contra Costa College,112826,Contra Costa College,ipeds_names_reference.csv,no,,,,,,no
Cuny EDGE,College Other,3,exact,100.0,Cuny EDGE,190567,CUNY City College,nace_school_candidates_matched.csv,no,,,,,,no
Dallas College - Career and Transfer Skills,College 4 Year Public,3,exact,100.0,Dallas College,224615,Dallas College,ipeds_names_reference.csv,no,high_confidence,avoid,26.3,1535.0,782.0,no
Eastern Kentucky University,College 4 Year Public,3,exact,100.0,Eastern Kentucky University,156620,Eastern Kentucky University,ipeds_names_reference.csv,no,high_confidence,strong,79.8,24178.0,7278.0,no
Emerson College,College 4 Year Private,3,exact,100.0,Emerson College,165662,Emerson College,ipeds_names_reference.csv,no,high_confidence,usable,61.9,16150.0,4972.0,no
Fairmont State University,College 4 Year Public,3,exact,100.0,Fairmont State University,237367,Fairmont State University,ipeds_names_reference.csv,no,high_confidence,thin,44.0,5746.0,1530.0,no
Ferris State University,College 4 Year Public,3,exact,100.0,Ferris State University,169910,Ferris State University,ipeds_names_reference.csv,no,high_confidence,strong,81.6,26429.0,6133.0,no
Florida International University - Career Services,College 4 Year Public,3,exact,100.0,Florida International University,133951,Florida International University,ipeds_names_reference.csv,no,high_confidence,strong,90.0,127198.0,50580.0,no
Florida SouthWestern State College,College 4 Year Public,3,exact,100.0,Florida SouthWestern State College,133508,Florida SouthWestern State College,ipeds_names_reference.csv,no,high_confidence,avoid,19.9,1820.0,743.0,no
Florida State University,College 4 Year Public,3,exact,100.0,Florida State University,134097,Florida State University,ipeds_names_reference.csv,yes,high_confidence,strong,90.5,120759.0,38072.0,no
Florida State University - College of Business,College 4 Year Public,3,exact,100.0,Florida State University,134097,Florida State University,ipeds_names_reference.csv,yes,high_confidence,strong,90.5,120759.0,38072.0,no
Fort Hays State University,College 4 Year Public,3,exact,100.0,Fort Hays State University,155061,Fort Hays State University,ipeds_names_reference.csv,no,,,,,,no
George Mason University - Costello College of Business,College 4 Year Public,3,exact,100.0,George Mason University,232186,George Mason University,ipeds_names_reference.csv,no,high_confidence,strong,88.2,76471.0,28701.0,no
Georgia Southern University,College 4 Year Public,3,exact,100.0,Georgia Southern University,139931,Georgia Southern University,ipeds_names_reference.csv,yes,high_confidence,strong,91.6,51643.0,15142.0,no
Greenville Technical College - Barton Campus,College 2 Year Public,3,exact,100.0,Greenville Technical College,218113,Greenville Technical College,ipeds_names_reference.csv,no,,,,,,no
Jackson State University,College 4 Year Public,3,exact,100.0,Jackson State University,175856,Jackson State University,ipeds_names_reference.csv,no,high_confidence,thin,54.0,11063.0,2862.0,no
John Jay College of Criminal Justice,College 4 Year Public,3,exact,100.0,John Jay College of Criminal Justice,190600,CUNY John Jay College of Criminal Justice,revelio_ipeds_institution_mapping.csv,no,high_confidence,strong,82.3,26433.0,9700.0,no
Kean University,College 4 Year Public,3,exact,100.0,Kean University,185262,Kean University,ipeds_names_reference.csv,no,high_confidence,strong,87.5,29712.0,9766.0,no
Kennesaw State University,College 4 Year Public,3,exact,100.0,Kennesaw State University,486840,Kennesaw State University,ipeds_names_reference.csv,no,high_confidence,avoid,0.0,0.0,0.0,no
Lincoln University of Missouri,College 4 Year Public,3,exact,100.0,Lincoln University of Missouri,177940,Lincoln University,nace_school_candidates_matched.csv,no,high_confidence,avoid,0.0,0.0,0.0,no
Marshall University,College 4 Year Public,3,exact,100.0,Marshall University,237525,Marshall University,ipeds_names_reference.csv,no,high_confidence,usable,61.0,14960.0,3809.0,no
Massachusetts Institute of Technology (MIT) UPOP,College 4 Year Private,3,fuzzy,100.0,Massachusetts Institute of Technology (MIT) UPOP,441663,Institute of Technology,ipeds_names_reference.csv,no,,,,,,no
Mesa Community College,College 2 Year Public,3,exact,100.0,Mesa Community College,105154,Mesa Community College,ipeds_names_reference.csv,no,,,,,,no
Middle Tennessee State University,College 4 Year Public,3,exact,100.0,Middle Tennessee State University,220978,Middle Tennessee State University,ipeds_names_reference.csv,yes,high_confidence,strong,90.5,48506.0,13187.0,no
Milwaukee Area Technical College,College 2 Year Public,3,exact,100.0,Milwaukee Area Technical College,239248,Milwaukee Area Technical College,ipeds_names_reference.csv,no,,,,,,no
Montana State University - College of Business,College 4 Year Public,3,exact,100.0,Montana State University,180461,Montana State University,ipeds_names_reference.csv,no,high_confidence,strong,86.1,25021.0,8582.0,no
National Louis University,College 4 Year Private,3,exact,100.0,National Louis University,147536,National Louis University,ipeds_names_reference.csv,no,high_confidence,thin,42.8,7776.0,3172.0,no
National University,College 4 Year Private,3,exact,100.0,National University,119605,National University,ipeds_names_reference.csv,no,high_confidence,strong,84.2,35810.0,11903.0,no
New College of Florida,College 4 Year Public,3,exact,100.0,New College of Florida,262129,New College of Florida,ipeds_names_reference.csv,no,high_confidence,avoid,0.0,0.0,0.0,no
Norfolk State University,College 4 Year Public,3,exact,100.0,Norfolk State University,232937,Norfolk State University,ipeds_names_reference.csv,no,high_confidence,thin,51.2,9670.0,2432.0,no
North Central Texas College,College 2 Year Public,3,exact,100.0,North Central Texas College,224110,North Central Texas College,ipeds_names_reference.csv,no,,,,,,no
Northeast State Community College,College 2 Year Public,3,exact,100.0,Northeast State Community College,221908,Northeast State Community College,ipeds_names_reference.csv,no,,,,,,no
Northeastern University - College of Engineering,College 4 Year Private,3,exact,100.0,Northeastern University,167358,Northeastern University,ipeds_names_reference.csv,no,high_confidence,strong,86.5,80730.0,30818.0,no
Northern Michigan University,College 4 Year Public,3,exact,100.0,Northern Michigan University,171456,Northern Michigan University,ipeds_names_reference.csv,no,high_confidence,usable,59.9,13533.0,3387.0,no
Point Loma Nazarene University - Career Services,College 4 Year Private,3,exact,100.0,Point Loma Nazarene University,121309,Point Loma Nazarene University,ipeds_names_reference.csv,no,,,,,,no
Principia College,College 4 Year Private,3,exact,100.0,Principia College,148016,Principia College,ipeds_names_reference.csv,no,high_confidence,avoid,33.0,1722.0,372.0,no
Purdue University - Daniels School of Business Undergraduate Engagement,College 4 Year Public,3,exact,100.0,Purdue University,243780,Purdue University-Main Campus,revelio_ipeds_institution_mapping.csv,yes,high_confidence,strong,89.5,127216.0,45700.0,no
Rensselaer Polytechnic Institute - Center for Career & Professional Development,College 4 Year Private,3,exact,100.0,Rensselaer Polytechnic Institute,194824,Rensselaer Polytechnic Institute,ipeds_names_reference.csv,no,high_confidence,strong,83.2,23162.0,7716.0,no
San Jose State University,College 4 Year Public,3,exact,100.0,San Jose State University,122755,San Jose State University,ipeds_names_reference.csv,no,high_confidence,strong,88.8,89818.0,31998.0,no
Sierra College,College 2 Year Public,3,exact,100.0,Sierra College,123341,Sierra College,ipeds_names_reference.csv,no,,,,,,no
St. Petersburg College,College 4 Year Public,3,exact,100.0,St. Petersburg College,137078,St Petersburg College,ipeds_names_reference.csv,no,high_confidence,thin,54.7,11424.0,4477.0,no
Stella and Charles Guttman Community College,College 2 Year Public,3,fuzzy,100.0,Stella and Charles Guttman Community College,475565,CUNY Stella and Charles Guttman Community College,ipeds_names_reference.csv,no,,,,,,no
Syracuse University - Central Career Services,College 4 Year Private,3,exact,100.0,Syracuse University,196413,Syracuse University,ipeds_names_reference.csv,no,high_confidence,strong,87.6,54676.0,16992.0,no
The Citadel,College 4 Year Public,3,exact,100.0,The Citadel,217864,Citadel Military College of South Carolina,nace_school_candidates_matched.csv,no,high_confidence,thin,51.6,8901.0,2803.0,no
The University of Alabama - Culverhouse College of Business,College 4 Year Public,3,exact,100.0,The University of Alabama,100751,The University of Alabama,ipeds_names_reference.csv,yes,high_confidence,strong,90.9,83138.0,30613.0,no
The University of Arizona - Eller College of Management - Undergraduate,College 4 Year Public,3,exact,100.0,The University of Arizona,104179,University of Arizona,ipeds_names_reference.csv,yes,high_confidence,strong,89.6,184762.0,58285.0,no
The University of Chicago,College 4 Year Private,3,exact,100.0,The University of Chicago,144050,University of Chicago,ipeds_names_reference.csv,yes,high_confidence,strong,80.5,26509.0,9493.0,no
The University of Chicago - MA Program in the Social Sciences,College 4 Year Private,3,exact,100.0,The University of Chicago,144050,University of Chicago,ipeds_names_reference.csv,yes,high_confidence,strong,80.5,26509.0,9493.0,no
The University of Georgia - Career Center,College 4 Year Public,3,exact,100.0,The University of Georgia,139959,University of Georgia,ipeds_names_reference.csv,yes,high_confidence,strong,90.7,101173.0,35036.0,no
The University of Kansas - School of Business,College 4 Year Public,3,exact,100.0,The University of Kansas,155317,University of Kansas,ipeds_names_reference.csv,yes,high_confidence,strong,89.2,56601.0,16728.0,no
The University of North Carolina at Chapel Hill - University Career Services,College 4 Year Public,3,exact,100.0,The University of North Carolina at Chapel Hill,199120,University of North Carolina at Chapel Hill,ipeds_names_reference.csv,no,high_confidence,strong,89.1,71250.0,24568.0,no
University of California - Irvine - Division of Career Pathways,College 4 Year Public,3,exact,100.0,University of California Irvine,110653,University of California-Irvine,ipeds_names_reference.csv,yes,high_confidence,strong,90.5,92219.0,32991.0,no
University of California - Irvine - SOE/ICS Professional Programs,College 4 Year Public,3,exact,100.0,University of California Irvine,110653,University of California-Irvine,ipeds_names_reference.csv,yes,high_confidence,strong,90.5,92219.0,32991.0,no
University of Colorado Denver,College 4 Year Public,3,exact,100.0,University of Colorado Denver,126562,University of Colorado Denver/Anschutz Medical Campus,revelio_ipeds_institution_mapping.csv,no,,,,,,no
University of Florida - Career Connections Center,College 4 Year Public,3,exact,100.0,University of Florida,134130,University of Florida,ipeds_names_reference.csv,yes,high_confidence,strong,89.0,139813.0,47716.0,no
University of Indianapolis,College 4 Year Private,3,exact,100.0,University of Indianapolis,151263,University of Indianapolis,ipeds_names_reference.csv,no,high_confidence,thin,52.7,10033.0,2999.0,no
University of Maryland - Baltimore County - Career Center,College 4 Year Public,3,exact,100.0,University of Maryland,163286,University of Maryland-College Park,revelio_ipeds_institution_mapping.csv,no,,,,,,no
University of Maryland - College Park - Robert H. Smith School of Business,College 4 Year Public,3,exact,100.0,University of Maryland,163286,University of Maryland-College Park,revelio_ipeds_institution_mapping.csv,no,,,,,,no
University of Miami - Toppel Career Center,College 4 Year Private,3,exact,100.0,University of Miami,135726,University of Miami,ipeds_names_reference.csv,no,high_confidence,strong,87.6,46888.0,15026.0,no
University of Missouri - Columbia - Career Center,College 4 Year Public,3,exact,100.0,University of Missouri,178439,University of Missouri-System Office,nace_school_candidates_matched.csv,no,review,review_match,5.3,13.0,2.0,yes
University of Missouri - Kansas City Career Services,College 4 Year Public,3,exact,100.0,University of Missouri,178439,University of Missouri-System Office,nace_school_candidates_matched.csv,no,review,review_match,5.3,13.0,2.0,yes
University of North Carolina Greensboro - Bryan School of Business & Economics,College 4 Year Public,3,exact,100.0,University of North Carolina Greensboro,199148,University of North Carolina at Greensboro,nace_school_candidates_matched.csv,no,high_confidence,strong,90.3,38908.0,12459.0,no
University of North Carolina Wilmington - CHSSA Dean's Office,College 4 Year Public,3,exact,100.0,University of North Carolina Wilmington,199218,University of North Carolina Wilmington,ipeds_names_reference.csv,yes,high_confidence,strong,92.1,42899.0,14202.0,no
University of North Dakota,College 4 Year Public,3,exact,100.0,University of North Dakota,200280,University of North Dakota,ipeds_names_reference.csv,no,high_confidence,strong,78.1,20878.0,5842.0,no
University of Pittsburgh - Career Center,College 4 Year Public,3,exact,100.0,University of Pittsburgh,215293,University of Pittsburgh-Pittsburgh Campus,revelio_ipeds_institution_mapping.csv,no,,,,,,no
University of South Carolina - Columbia,College 4 Year Public,3,exact,100.0,University of South Carolina - Columbia,218663,University of South Carolina-Columbia,ipeds_names_reference.csv,yes,high_confidence,strong,90.3,76575.0,27222.0,no
University of Southern Indiana,College 4 Year Public,3,exact,100.0,University of Southern Indiana,151306,University of Southern Indiana,ipeds_names_reference.csv,no,high_confidence,usable,65.1,15562.0,4164.0,no
University of Tampa,College 4 Year Private,3,exact,100.0,University of Tampa,137847,The University of Tampa,ipeds_names_reference.csv,no,high_confidence,strong,86.8,25205.0,10239.0,no
Vanderbilt University - Career Center,College 4 Year Private,3,exact,100.0,Vanderbilt University,221999,Vanderbilt University,ipeds_names_reference.csv,no,high_confidence,strong,85.7,28757.0,9237.0,no
Virginia Tech - Pamplin College of Business Career Services,College 4 Year Public,3,exact,100.0,Virginia Tech,233921,Virginia Polytechnic Institute and State University,revelio_ipeds_institution_mapping.csv,no,review,review_match,0.0,0.0,0.0,yes
Washington University in St. Louis - Olin Business School,College 4 Year Private,3,exact,100.0,Washington University in St. Louis,179867,Washington University in St Louis,ipeds_names_reference.csv,no,high_confidence,strong,86.4,30220.0,10254.0,no
Wayne State College,College 4 Year Public,3,exact,100.0,Wayne State College,181783,Wayne State College,ipeds_names_reference.csv,no,,,,,,no
West Virginia University,College 4 Year Public,3,exact,100.0,West Virginia University,238032,West Virginia University,ipeds_names_reference.csv,yes,high_confidence,strong,89.9,56584.0,16855.0,no
Western Kentucky University,College 4 Year Public,3,exact,100.0,Western Kentucky University,157951,Western Kentucky University,ipeds_names_reference.csv,no,high_confidence,strong,87.8,31035.0,9066.0,no
Northampton Community College,College 2 Year Public,3,fuzzy,87.2,Northampton Community College,126207,Aims Community College,ipeds_names_reference.csv,no,,,,,,yes
Agnes Scott College,College 4 Year Private,2,exact,100.0,Agnes Scott College,138600,Agnes Scott College,ipeds_names_reference.csv,no,,,,,,no
Alfred University,College 4 Year Private,2,exact,100.0,Alfred University,188641,Alfred University,ipeds_names_reference.csv,no,high_confidence,thin,40.2,5185.0,1108.0,no
Amarillo College,College 2 Year Public,2,exact,100.0,Amarillo College,222576,Amarillo College,ipeds_names_reference.csv,no,,,,,,no
Arizona State University - Career & Professional Development Svcs,College 4 Year Public,2,exact,100.0,Arizona State University,104151,Arizona State University Campus Immersion,revelio_ipeds_institution_mapping.csv,no,review,review_match,89.1,235086.0,99577.0,yes
Arizona State University - School of Public Affairs,College 4 Year Public,2,exact,100.0,Arizona State University,104151,Arizona State University Campus Immersion,revelio_ipeds_institution_mapping.csv,no,review,review_match,89.1,235086.0,99577.0,yes
Auburn University - Academic Insight,College 4 Year Public,2,exact,100.0,Auburn University,100858,Auburn University,ipeds_names_reference.csv,yes,high_confidence,strong,90.9,69236.0,25539.0,no
Auburn University - Career Discovery and Success,College 4 Year Public,2,exact,100.0,Auburn University,100858,Auburn University,ipeds_names_reference.csv,yes,high_confidence,strong,90.9,69236.0,25539.0,no
Augustana University,College 4 Year Private,2,exact,100.0,Augustana University,219000,Augustana University,ipeds_names_reference.csv,no,high_confidence,avoid,0.0,0.0,0.0,no
Baylor University - Career Center,College 4 Year Private,2,exact,100.0,Baylor University,223232,Baylor University,ipeds_names_reference.csv,yes,high_confidence,strong,90.8,46881.0,16305.0,no
Berry College,College 4 Year Private,2,exact,100.0,Berry College,139144,Berry College,ipeds_names_reference.csv,no,high_confidence,thin,43.9,5711.0,1717.0,no
Black Hawk College,College 2 Year Public,2,exact,100.0,Black Hawk College,143279,Black Hawk College,ipeds_names_reference.csv,no,,,,,,no
Boston University - Questrom School of Business,College 4 Year Private,2,exact,100.0,Boston University,164988,Boston University,ipeds_names_reference.csv,no,high_confidence,strong,86.4,85282.0,26810.0,no
Boston University – Center for Career Development,College 4 Year Private,2,fuzzy,100.0,Boston University – Center for Career Development,164988,Boston University,ipeds_names_reference.csv,no,high_confidence,strong,86.4,85282.0,26810.0,no
Bowling Green State University - Career Center,College 4 Year Public,2,exact,100.0,Bowling Green State University,201441,Bowling Green State University-Main Campus,revelio_ipeds_institution_mapping.csv,no,high_confidence,strong,88.4,39838.0,10645.0,no
Brazosport College,College 4 Year Public,2,exact,100.0,Brazosport College,223506,Brazosport College,ipeds_names_reference.csv,no,high_confidence,avoid,13.4,599.0,321.0,no
"Brookdale Community College - Career Center (Lincroft, NJ)",College 2 Year Public,2,exact,100.0,Brookdale Community College,183859,Brookdale Community College,ipeds_names_reference.csv,no,,,,,,no
Broward College,College 4 Year Public,2,exact,100.0,Broward College,132709,Broward College,ipeds_names_reference.csv,no,high_confidence,thin,43.1,6988.0,3283.0,no
Bryant University,College 4 Year Private,2,exact,100.0,Bryant University,217165,Bryant University,ipeds_names_reference.csv,no,high_confidence,usable,62.8,13793.0,3963.0,no
Bucks County Community College,College 2 Year Public,2,exact,100.0,Bucks County Community College,211307,Bucks County Community College,ipeds_names_reference.csv,no,,,,,,no
California Baptist University,College 4 Year Private,2,exact,100.0,California Baptist University,110361,California Baptist University,ipeds_names_reference.csv,no,high_confidence,usable,72.5,16849.0,7678.0,no
California State University - Monterey Bay,College 4 Year Public,2,exact,100.0,California State University - Monterey Bay,409698,California State University-Monterey Bay,ipeds_names_reference.csv,no,high_confidence,usable,73.0,16215.0,6215.0,no
California State University - Sacramento,College 4 Year Public,2,exact,100.0,California State University - Sacramento,110617,California State University-Sacramento,ipeds_names_reference.csv,yes,high_confidence,strong,90.5,66976.0,22178.0,no
Calvin University,College 4 Year Private,2,exact,100.0,Calvin University,169080,Calvin University,ipeds_names_reference.csv,no,high_confidence,usable,58.6,11387.0,3091.0,no
Casper College,College 2 Year Public,2,exact,100.0,Casper College,240505,Casper College,ipeds_names_reference.csv,no,,,,,,no
Cincinnati State Technical and Community College,College 2 Year Public,2,exact,100.0,Cincinnati State Technical and Community College,201928,Cincinnati State Technical and Community College,ipeds_names_reference.csv,no,,,,,,no
College of DuPage,College 2 Year Public,2,exact,100.0,College of DuPage,144865,College of DuPage,ipeds_names_reference.csv,no,,,,,,no
College of Staten Island - CUNY,College 4 Year Public,2,exact,100.0,College of Staten Island - CUNY,190558,College of Staten Island CUNY,ipeds_names_reference.csv,no,high_confidence,usable,61.9,11836.0,4290.0,no
Colorado State University -Fort Collins - The Career Center,College 4 Year Public,2,exact,100.0,Colorado State University -Fort Collins,126818,Colorado State University-Fort Collins,ipeds_names_reference.csv,yes,high_confidence,strong,90.0,78497.0,24635.0,no
Columbia Southern University,College 4 Year Private,2,exact,100.0,Columbia Southern University,450933,Columbia Southern University,ipeds_names_reference.csv,no,high_confidence,strong,80.4,31210.0,10787.0,no
Community College of Rhode Island,College 2 Year Public,2,exact,100.0,Community College of Rhode Island,217475,Community College of Rhode Island,ipeds_names_reference.csv,no,,,,,,no
Cornell University - SC Johnson College of Business,College 4 Year Private,2,exact,100.0,Cornell University,190415,Cornell University,ipeds_names_reference.csv,yes,high_confidence,strong,86.5,67634.0,21755.0,no
Creighton University,College 4 Year Private,2,exact,100.0,Creighton University,181002,Creighton University,ipeds_names_reference.csv,no,high_confidence,usable,60.5,12828.0,4057.0,no
Cuyahoga Community College,College 2 Year Public,2,exact,100.0,Cuyahoga Community College,202356,Cuyahoga Community College District,revelio_ipeds_institution_mapping.csv,no,,,,,,no
Denison University,College 4 Year Private,2,exact,100.0,Denison University,202523,Denison University,ipeds_names_reference.csv,no,high_confidence,usable,55.7,9186.0,2731.0,no
Eastern Arizona College,College 2 Year Public,2,exact,100.0,Eastern Arizona College,104577,Eastern Arizona College,ipeds_names_reference.csv,no,,,,,,no
Eastern Connecticut State University,College 4 Year Public,2,exact,100.0,Eastern Connecticut State University,129215,Eastern Connecticut State University,ipeds_names_reference.csv,no,,,,,,no
Eastern West Virginia Community & Technical College,College 2 Year Public,2,exact,100.0,Eastern West Virginia Community & Technical College,438708,Eastern West Virginia Community and Technical College,ipeds_names_reference.csv,no,,,,,,no
El Paso Community College,College 2 Year Public,2,exact,100.0,El Paso Community College,224642,El Paso Community College,ipeds_names_reference.csv,no,,,,,,no
Embry-Riddle Aeronautical University - Prescott Campus,College 4 Year Private,2,exact,100.0,Embry-Riddle Aeronautical University,104586,Embry-Riddle Aeronautical University-Prescott,nace_school_candidates_matched.csv,no,review,review_match,15.4,85.0,2.0,yes
Emmanuel College,College 4 Year Private,2,exact,100.0,Emmanuel College,165671,Emmanuel College,ipeds_names_reference.csv,no,,,,,,no
Erie Community College,College 2 Year Public,2,exact,100.0,Erie Community College,191083,Erie Community College,ipeds_names_reference.csv,no,,,,,,no
Fisk University,College 4 Year Private,2,exact,100.0,Fisk University,220181,Fisk University,ipeds_names_reference.csv,no,,,,,,no
Florida A&M University - School of Business and Industry,College 4 Year Public,2,exact,100.0,Florida A&M University,133650,Florida Agricultural and Mechanical University,revelio_ipeds_institution_mapping.csv,no,high_confidence,strong,76.4,19131.0,5407.0,no
Florida Institute of Technology,College 4 Year Private,2,exact,100.0,Florida Institute of Technology,133881,Florida Institute of Technology,ipeds_names_reference.csv,no,high_confidence,usable,62.1,13806.0,4379.0,no
Florida International University,College 4 Year Public,2,exact,100.0,Florida International University,133951,Florida International University,ipeds_names_reference.csv,no,high_confidence,strong,90.0,127198.0,50580.0,no
Foothill College - Sunnyvale Campus,College 2 Year Public,2,exact,100.0,Foothill College,114716,Foothill College,ipeds_names_reference.csv,no,,,,,,no
Frederick Community College,College 2 Year Public,2,exact,100.0,Frederick Community College,162557,Frederick Community College,ipeds_names_reference.csv,no,,,,,,no
Georgia Institute of Technology,College 4 Year Public,2,exact,100.0,Georgia Institute of Technology,139755,Georgia Institute of Technology-Main Campus,revelio_ipeds_institution_mapping.csv,yes,high_confidence,strong,87.8,64904.0,24851.0,no
Georgia Tech Career Center,College 4 Year Public,2,fuzzy,100.0,Georgia Tech Career Center,139755,Georgia Institute of Technology-Main Campus,nace_school_candidates_matched.csv,yes,high_confidence,strong,87.8,64904.0,24851.0,no
Harrisburg University of Science and Technology,College 4 Year Private,2,exact,100.0,Harrisburg University of Science and Technology,446640,Harrisburg University of Science and Technology,ipeds_names_reference.csv,no,high_confidence,avoid,18.8,1006.0,619.0,no
Hastings College,College 4 Year Private,2,exact,100.0,Hastings College,181127,Hastings College,ipeds_names_reference.csv,no,high_confidence,thin,35.5,2518.0,602.0,no
Hillsborough College - Ybor City Campus,College 2 Year Public,2,fuzzy,100.0,Hillsborough College,134495,Hillsborough Community College,ipeds_names_reference.csv,no,,,,,,no
Hollins University,College 4 Year Private,2,exact,100.0,Hollins University,232308,Hollins University,ipeds_names_reference.csv,no,,,,,,no
Hostos Community College,College 2 Year Public,2,fuzzy,100.0,Hostos Community College,190585,CUNY Hostos Community College,ipeds_names_reference.csv,no,,,,,,no
Hostos Community College - ASAP,College 2 Year Public,2,fuzzy,100.0,Hostos Community College,190585,CUNY Hostos Community College,ipeds_names_reference.csv,no,,,,,,no
Howard Community College,College 2 Year Public,2,exact,100.0,Howard Community College,162779,Howard Community College,ipeds_names_reference.csv,no,,,,,,no
Indiana University - Bloomington - Kelley School of Business - Career Services,College 4 Year Public,2,fuzzy,100.0,Indiana University - Bloomington - Kelley School of Business - Career Services,151351,Indiana University-Bloomington,ipeds_names_reference.csv,yes,high_confidence,strong,89.4,144764.0,46355.0,no
Indiana University - Bloomington - The Walter Center for Career Achievement,College 4 Year Public,2,fuzzy,100.0,Indiana University,475741,Chamberlain University-Indiana,ipeds_names_reference.csv,no,,,,,,no
Iowa State University - College of Liberal Arts & Sciences,College 4 Year Public,2,exact,100.0,Iowa State University,153603,Iowa State University,ipeds_names_reference.csv,yes,high_confidence,strong,91.4,76897.0,24449.0,no
John Jay College of Criminal Justice - ACE,College 4 Year Public,2,exact,100.0,John Jay College of Criminal Justice,190600,CUNY John Jay College of Criminal Justice,revelio_ipeds_institution_mapping.csv,no,high_confidence,strong,82.3,26433.0,9700.0,no
Kansas State University - College of Business Administration,College 4 Year Public,2,exact,100.0,Kansas State University,155399,Kansas State University,ipeds_names_reference.csv,yes,high_confidence,strong,90.0,46562.0,12661.0,no
Kettering University,College 4 Year Private,2,exact,100.0,Kettering University,169983,Kettering University,ipeds_names_reference.csv,no,high_confidence,thin,38.8,5834.0,1702.0,no
Lehman College - College of Business,College 4 Year Public,2,exact,100.0,Lehman College,190637,CUNY Lehman College,nace_school_candidates_matched.csv,no,high_confidence,strong,76.5,20893.0,8329.0,no
Logan University,College 4 Year Private,2,exact,100.0,Logan University,177986,Logan University,ipeds_names_reference.csv,no,high_confidence,avoid,13.1,756.0,238.0,no
Luther College,College 4 Year Private,2,exact,100.0,Luther College,153834,Luther College,ipeds_names_reference.csv,no,high_confidence,thin,47.2,6867.0,1471.0,no
Lynn University - Division of Student Affairs,College 4 Year Private,2,exact,100.0,Lynn University,132657,Lynn University,ipeds_names_reference.csv,no,high_confidence,thin,46.9,6893.0,2324.0,no
Marion Technical College,College 2 Year Public,2,exact,100.0,Marion Technical College,419226,Marion Technical College,ipeds_names_reference.csv,no,,,,,,no
Marshall University - HerdWork Humanities,College 4 Year Public,2,exact,100.0,Marshall University,237525,Marshall University,ipeds_names_reference.csv,no,high_confidence,usable,61.0,14960.0,3809.0,no
McLennan Community College,College 2 Year Public,2,exact,100.0,McLennan Community College,226578,McLennan Community College,ipeds_names_reference.csv,no,,,,,,no
Merced College,College 2 Year Public,2,exact,100.0,Merced College,118718,Merced College,ipeds_names_reference.csv,no,,,,,,no
Mercyhurst University,College 4 Year Private,2,exact,100.0,Mercyhurst University,213987,Mercyhurst University,ipeds_names_reference.csv,no,high_confidence,thin,46.9,8015.0,1958.0,no
Metropolitan State University of Denver - C2Hub,College 4 Year Public,2,exact,100.0,Metropolitan State University of Denver,127565,Metropolitan State University of Denver,ipeds_names_reference.csv,no,,,,,,no
Midland University,College 4 Year Private,2,exact,100.0,Midland University,181330,Midland University,ipeds_names_reference.csv,no,high_confidence,thin,37.7,2772.0,1173.0,no
Milwaukee School of Engineering,College 4 Year Private,2,exact,100.0,Milwaukee School of Engineering,239318,Milwaukee School of Engineering,ipeds_names_reference.csv,no,,,,,,no
Mission College,College 2 Year Public,2,exact,100.0,Mission College,118930,Mission College,ipeds_names_reference.csv,no,,,,,,no
Missouri University of Science & Technology,College 4 Year Public,2,exact,100.0,Missouri University of Science & Technology,178411,Missouri University of Science and Technology,ipeds_names_reference.csv,no,high_confidence,usable,74.8,17672.0,5571.0,no
Moravian University,College 4 Year Private,2,exact,100.0,Moravian University,214157,Moravian University,ipeds_names_reference.csv,no,high_confidence,thin,41.9,5595.0,1710.0,no
Mt. San Antonio College - Work Experience,College 2 Year Public,2,exact,100.0,Mt. San Antonio College,119164,Mt San Antonio College,ipeds_names_reference.csv,no,,,,,,no
Murray State University,College 4 Year Public,2,exact,100.0,Murray State University,157401,Murray State University,ipeds_names_reference.csv,no,high_confidence,usable,65.8,16557.0,4214.0,no
Nanyang Business School,College 4 Year Public,2,exact,100.0,Nanyang Business School,191728,Hunter Business School,nace_school_candidates_matched.csv,no,review,review_match,8.7,33.0,5.0,yes
New Mexico Highlands University,College 4 Year Public,2,exact,100.0,New Mexico Highlands University,187897,New Mexico Highlands University,ipeds_names_reference.csv,no,high_confidence,avoid,29.8,2346.0,566.0,no
New Mexico State University - College of Engineering,College 4 Year Public,2,exact,100.0,New Mexico State University,188030,New Mexico State University-Main Campus,revelio_ipeds_institution_mapping.csv,no,high_confidence,strong,75.6,22328.0,5722.0,no
New Mexico State University - Global,College 4 Year Public,2,exact,100.0,New Mexico State University,188030,New Mexico State University-Main Campus,revelio_ipeds_institution_mapping.csv,no,high_confidence,strong,75.6,22328.0,5722.0,no
New York University - Abu Dhabi,College 4 Year Private,2,exact,100.0,New York University,193900,New York University,ipeds_names_reference.csv,yes,high_confidence,strong,84.8,115812.0,39621.0,no
New York University - Tandon School of Engineering,College 4 Year Private,2,exact,100.0,New York University,193900,New York University,ipeds_names_reference.csv,yes,high_confidence,strong,84.8,115812.0,39621.0,no
Northeastern University - Office of Employer Engagement & Career Design,College 4 Year Private,2,exact,100.0,Northeastern University,167358,Northeastern University,ipeds_names_reference.csv,no,high_confidence,strong,86.5,80730.0,30818.0,no
Northwestern Michigan College,College 4 Year Public,2,exact,100.0,Northwestern Michigan College,171483,Northwestern Michigan College,ipeds_names_reference.csv,no,,,,,,no
Northwestern University - Robert R. McCormick School of Engineering and Applied Science,College 4 Year Private,2,exact,100.0,Northwestern University,147767,Northwestern University,ipeds_names_reference.csv,yes,high_confidence,strong,84.3,39913.0,12555.0,no
Oglethorpe University,College 4 Year Private,2,exact,100.0,Oglethorpe University,140696,Oglethorpe University,ipeds_names_reference.csv,no,high_confidence,thin,40.1,3720.0,1339.0,no
Ohio University - Career Services,College 4 Year Public,2,exact,100.0,Ohio University,204857,Ohio University-Main Campus,revelio_ipeds_institution_mapping.csv,yes,high_confidence,strong,89.5,66066.0,17455.0,no
Oklahoma State University - Career Services,College 4 Year Public,2,exact,100.0,Oklahoma State University,207388,Oklahoma State University-Main Campus,revelio_ipeds_institution_mapping.csv,yes,high_confidence,strong,89.9,55507.0,16498.0,no
Onondaga Community College,College 2 Year Public,2,exact,100.0,Onondaga Community College,194222,Onondaga Community College,ipeds_names_reference.csv,no,,,,,,no
Ontario Tech University,College 4 Year Public,2,exact,100.0,Ontario Tech University,230171,Utah Tech University,nace_school_candidates_matched.csv,no,review,review_match,52.8,7392.0,3559.0,yes
Oregon Institute of Technology,College 4 Year Public,2,exact,100.0,Oregon Institute of Technology,209506,Oregon Institute of Technology,ipeds_names_reference.csv,no,high_confidence,thin,46.7,6617.0,2089.0,no
Oregon State University,College 4 Year Public,2,exact,100.0,Oregon State University,209542,Oregon State University,ipeds_names_reference.csv,yes,high_confidence,strong,91.3,66833.0,26397.0,no
Palomar College,College 2 Year Public,2,exact,100.0,Palomar College,120971,Palomar College,ipeds_names_reference.csv,no,,,,,,no
Pennsylvania State University - Altoona,College 4 Year Public,2,exact,100.0,Pennsylvania State University,214777,Pennsylvania State University-Main Campus,nace_school_candidates_matched.csv,no,high_confidence,avoid,0.0,0.0,0.0,no
Pennsylvania State University - Career Services,College 4 Year Public,2,exact,100.0,Pennsylvania State University,214777,Pennsylvania State University-Main Campus,nace_school_candidates_matched.csv,no,high_confidence,avoid,0.0,0.0,0.0,no
Pennsylvania State University - Greater Allegheny,College 4 Year Public,2,exact,100.0,Pennsylvania State University,214777,Pennsylvania State University-Main Campus,nace_school_candidates_matched.csv,no,high_confidence,avoid,0.0,0.0,0.0,no
Pennsylvania State University - Harrisburg,College 4 Year Public,2,exact,100.0,Pennsylvania State University,214777,Pennsylvania State University-Main Campus,nace_school_candidates_matched.csv,no,high_confidence,avoid,0.0,0.0,0.0,no
Polk State College - Career Services,College 4 Year Public,2,exact,100.0,Polk State College,136516,Polk State College,ipeds_names_reference.csv,no,high_confidence,avoid,20.9,2316.0,1030.0,no
Prairie View A&M University - Professional Development,College 4 Year Public,2,exact,100.0,Prairie View A&M University,227526,Prairie View A & M University,ipeds_names_reference.csv,no,high_confidence,usable,72.3,15305.0,5614.0,no
Radford University,College 4 Year Public,2,exact,100.0,Radford University,233277,Radford University,ipeds_names_reference.csv,no,high_confidence,strong,77.0,22441.0,5011.0,no
Regis University,College 4 Year Private,2,exact,100.0,Regis University,127918,Regis University,ipeds_names_reference.csv,no,high_confidence,thin,51.0,13714.0,2552.0,no
Rhode Island School of Design,College 4 Year Private,2,exact,100.0,Rhode Island School of Design,217493,Rhode Island School of Design,ipeds_names_reference.csv,no,high_confidence,thin,39.5,8715.0,2369.0,no
Rochester Institute of Technology,College 4 Year Private,2,exact,100.0,Rochester Institute of Technology,195003,Rochester Institute of Technology,ipeds_names_reference.csv,yes,high_confidence,strong,89.6,44882.0,14279.0,no
Rochester Institute of Technology - National Technical Institute for the Deaf,College 4 Year Private,2,exact,100.0,Rochester Institute of Technology,195003,Rochester Institute of Technology,ipeds_names_reference.csv,yes,high_confidence,strong,89.6,44882.0,14279.0,no
Rocky Mountain College of Art and Design,College 4 Year Private,2,exact,100.0,Rocky Mountain College of Art and Design,127945,Rocky Mountain College of Art and Design,ipeds_names_reference.csv,no,high_confidence,avoid,28.4,2849.0,1297.0,no
Rollins College,College 4 Year Private,2,exact,100.0,Rollins College,136950,Rollins College,ipeds_names_reference.csv,no,high_confidence,thin,53.8,10205.0,2932.0,no
Roosevelt University,College 4 Year Private,2,exact,100.0,Roosevelt University,148487,Roosevelt University,ipeds_names_reference.csv,no,high_confidence,usable,57.3,18207.0,2810.0,no
Rose-Hulman Institute of Technology,College 4 Year Private,2,exact,100.0,Rose-Hulman Institute of Technology,152318,Rose-Hulman Institute of Technology,ipeds_names_reference.csv,no,high_confidence,thin,48.9,8127.0,2370.0,no
Rutgers University - Camden - School of Business,College 4 Year Public,2,exact,100.0,Rutgers University,186380,Rutgers University-New Brunswick,revelio_ipeds_institution_mapping.csv,no,high_confidence,strong,89.6,34738.0,20651.0,no
Rutgers University - Piscataway,College 4 Year Public,2,exact,100.0,Rutgers University - Piscataway,186371,Rutgers University-Camden,nace_school_candidates_matched.csv,no,review,review_match,56.7,10476.0,3277.0,yes
SUNY at Potsdam,College 4 Year Public,2,fuzzy,100.0,SUNY at Potsdam,193900,New York University,ipeds_names_reference.csv,yes,high_confidence,strong,84.8,115812.0,39621.0,no
Sacred Heart University - Office of Career Development,College 4 Year Private,2,exact,100.0,Sacred Heart University,130253,Sacred Heart University,ipeds_names_reference.csv,no,high_confidence,usable,68.2,15360.0,5643.0,no
San Diego State University - Fowler College of Business,College 4 Year Public,2,exact,100.0,San Diego State University,122409,San Diego State University,ipeds_names_reference.csv,yes,high_confidence,strong,90.7,102578.0,35580.0,no
Santa Ana College,College 4 Year Public,2,exact,100.0,Santa Ana College,121619,Santa Ana College,ipeds_names_reference.csv,no,high_confidence,avoid,19.3,458.0,240.0,no
Santa Clara University,College 4 Year Private,2,exact,100.0,Santa Clara University,122931,Santa Clara University,ipeds_names_reference.csv,no,high_confidence,strong,79.9,22927.0,7687.0,no
Seton Hill University,College 4 Year Private,2,exact,100.0,Seton Hill University,215947,Seton Hill University,ipeds_names_reference.csv,no,high_confidence,thin,39.2,4259.0,1269.0,no
Shasta College,College 2 Year Public,2,exact,100.0,Shasta College,123299,Shasta College,ipeds_names_reference.csv,no,,,,,,no
Shaw University,College 4 Year Private,2,exact,100.0,Shaw University,199643,Shaw University,ipeds_names_reference.csv,no,high_confidence,avoid,33.5,3182.0,579.0,no
Southern Methodist University - Cox School of Business,College 4 Year Private,2,exact,100.0,Southern Methodist University,228246,Southern Methodist University,ipeds_names_reference.csv,no,high_confidence,strong,82.3,25403.0,8387.0,no
Southern University at New Orleans,College 4 Year Public,2,exact,100.0,Southern University at New Orleans,160630,Southern University at New Orleans,ipeds_names_reference.csv,no,high_confidence,avoid,28.2,2026.0,455.0,no
Spartan College of Aeronautics and Technology,College 4 Year Private,2,exact,100.0,Spartan College of Aeronautics and Technology,413680,Spartan College of Aeronautics & Technology,ipeds_names_reference.csv,no,,,,,,no
St. Mary's University,College 4 Year Private,2,exact,100.0,St. Mary's University,228149,St. Mary's University,ipeds_names_reference.csv,no,,,,,,no
St. Olaf College,College 4 Year Private,2,exact,100.0,St. Olaf College,174844,St Olaf College,ipeds_names_reference.csv,no,high_confidence,usable,56.4,10808.0,3009.0,no
Stony Brook University - Career Center,College 4 Year Public,2,exact,100.0,Stony Brook University,196097,Stony Brook University,ipeds_names_reference.csv,yes,high_confidence,strong,89.2,52995.0,19031.0,no
Swarthmore College - Career Services,College 4 Year Private,2,exact,100.0,Swarthmore College,216287,Swarthmore College,ipeds_names_reference.csv,no,high_confidence,thin,46.5,6434.0,2089.0,no
Tarrant County College District,College 2 Year Public,2,exact,100.0,Tarrant County College District,228547,Tarrant County College District,ipeds_names_reference.csv,no,,,,,,no
Teach For America,College Other,2,exact,100.0,Teach For America,475237,The University of America,nace_school_candidates_matched.csv,no,,,,,,no
Texas A&M International University,College 4 Year Public,2,exact,100.0,Texas A&M International University,226152,Texas A & M International University,ipeds_names_reference.csv,no,,,,,,no
Texas A&M University - Kingsville,College 4 Year Public,2,exact,100.0,Texas A&M University - Kingsville,228705,Texas A&M University-Kingsville,ipeds_names_reference.csv,no,,,,,,no
Texas Christian University,College 4 Year Private,2,exact,100.0,Texas Christian University,228875,Texas Christian University,ipeds_names_reference.csv,yes,high_confidence,strong,90.9,31368.0,10812.0,no
Texas Christian University - Center for Career & Professional Development,College 4 Year Private,2,exact,100.0,Texas Christian University,228875,Texas Christian University,ipeds_names_reference.csv,yes,high_confidence,strong,90.9,31368.0,10812.0,no
Texas State University,College 4 Year Public,2,exact,100.0,Texas State University,228459,Texas State University,ipeds_names_reference.csv,yes,high_confidence,strong,91.1,86875.0,28045.0,no
The College of New Jersey,College 4 Year Public,2,exact,100.0,The College of New Jersey,187134,The College of New Jersey,ipeds_names_reference.csv,no,,,,,,no
The George Washington University - Center for Career Services,College 4 Year Private,2,exact,100.0,The George Washington University,131469,George Washington University,ipeds_names_reference.csv,no,high_confidence,strong,84.8,46597.0,15027.0,no
The George Washington University - School of Engineering and Applied Science (SEAS),College 4 Year Private,2,exact,100.0,The George Washington University,131469,George Washington University,ipeds_names_reference.csv,no,high_confidence,strong,84.8,46597.0,15027.0,no
The Ohio State University - ASC Center for Career and Professional Success,College 4 Year Public,2,exact,100.0,The Ohio State University,204796,Ohio State University-Main Campus,revelio_ipeds_institution_mapping.csv,yes,high_confidence,strong,90.2,158542.0,51776.0,no
The Ohio State University - College of Engineering,College 4 Year Public,2,exact,100.0,The Ohio State University,204796,Ohio State University-Main Campus,revelio_ipeds_institution_mapping.csv,yes,high_confidence,strong,90.2,158542.0,51776.0,no
The University of Arizona,College 4 Year Public,2,exact,100.0,The University of Arizona,104179,University of Arizona,ipeds_names_reference.csv,yes,high_confidence,strong,89.6,184762.0,58285.0,no
The University of Arizona - College of Agriculture and Life Sciences,College 4 Year Public,2,exact,100.0,The University of Arizona,104179,University of Arizona,ipeds_names_reference.csv,yes,high_confidence,strong,89.6,184762.0,58285.0,no
The University of Arizona - College of Social & Behavioral Sciences,College 4 Year Public,2,exact,100.0,The University of Arizona,104179,University of Arizona,ipeds_names_reference.csv,yes,high_confidence,strong,89.6,184762.0,58285.0,no
The University of Kansas - School of Engineering,College 4 Year Public,2,exact,100.0,The University of Kansas,155317,University of Kansas,ipeds_names_reference.csv,yes,high_confidence,strong,89.2,56601.0,16728.0,no
The University of North Carolina at Chapel Hill - Kenan-Flagler Business School,College 4 Year Public,2,exact,100.0,The University of North Carolina at Chapel Hill,199120,University of North Carolina at Chapel Hill,ipeds_names_reference.csv,no,high_confidence,strong,89.1,71250.0,24568.0,no
The University of Tennessee - Haslam College of Business,College 4 Year Public,2,exact,100.0,The University of Tennessee,221768,The University of Tennessee-Martin,nace_school_candidates_matched.csv,no,review,review_match,51.2,9435.0,2217.0,yes
The University of Texas - Rio Grande Valley,College 4 Year Public,2,exact,100.0,The University of Texas - Rio Grande Valley,227368,The University of Texas Rio Grande Valley,ipeds_names_reference.csv,no,high_confidence,strong,86.6,29250.0,9836.0,no
The University of Texas at Austin - Red McCombs School of Business BBA,College 4 Year Public,2,exact,100.0,The University of Texas at Austin,228778,The University of Texas at Austin,ipeds_names_reference.csv,yes,high_confidence,strong,89.2,153775.0,49745.0,no
The University of Utah - Office of the Undergraduate Studies,College 4 Year Public,2,exact,100.0,The University of Utah,230764,University of Utah,ipeds_names_reference.csv,yes,high_confidence,strong,89.1,67991.0,21782.0,no
UT Dallas School of Management,College 4 Year Public,2,exact,100.0,UT Dallas School of Management,228787,The University of Texas at Dallas,nace_school_candidates_matched.csv,no,review,review_match,88.3,53013.0,24783.0,yes
University of Alaska Southeast,College 4 Year Public,2,exact,100.0,University of Alaska Southeast,102632,University of Alaska Southeast,ipeds_names_reference.csv,no,high_confidence,avoid,22.9,1218.0,352.0,no
University of California - Riverside - Career Center,College 4 Year Public,2,exact,100.0,University of California Riverside,110671,University of California-Riverside,ipeds_names_reference.csv,no,high_confidence,strong,92.1,59363.0,21709.0,no
University of California - Santa Barbara,College 4 Year Public,2,exact,100.0,University of California - Santa Barbara,110705,University of California-Santa Barbara,ipeds_names_reference.csv,no,,,,,,no
University of Central Arkansas,College 4 Year Public,2,exact,100.0,University of Central Arkansas,106704,University of Central Arkansas,ipeds_names_reference.csv,no,high_confidence,usable,70.3,17379.0,4841.0,no
University of Colorado Boulder - College of Engineering & Applied Science,College 4 Year Public,2,exact,100.0,University of Colorado Boulder,126614,University of Colorado Boulder,ipeds_names_reference.csv,no,review,review_match,89.7,120845.0,41290.0,yes
University of Colorado Colorado Springs - College of Business,College 4 Year Public,2,exact,100.0,University of Colorado Colorado Springs,126580,University of Colorado Colorado Springs,ipeds_names_reference.csv,no,high_confidence,strong,75.4,20152.0,6939.0,no
University of Dayton,College 4 Year Private,2,exact,100.0,University of Dayton,202480,University of Dayton,ipeds_names_reference.csv,no,high_confidence,strong,87.0,27694.0,8928.0,no
University of Delaware - Career Center,College 4 Year Public,2,exact,100.0,University of Delaware,130943,University of Delaware,ipeds_names_reference.csv,yes,high_confidence,strong,90.5,60825.0,19237.0,no
University of Hawaii at Hilo,College 4 Year Public,2,exact,100.0,University of Hawaii at Hilo,141565,University of Hawaii at Hilo,ipeds_names_reference.csv,no,high_confidence,avoid,0.0,0.0,0.0,no
University of Hawaii at Manoa - Shidler College of Business,College 4 Year Public,2,exact,100.0,University of Hawaii at Manoa,141574,University of Hawaii at Manoa,ipeds_names_reference.csv,no,high_confidence,strong,83.8,28319.0,8698.0,no
University of Houston - C.T. Bauer College of Business,College 4 Year Public,2,exact,100.0,University of Houston,225511,University of Houston,ipeds_names_reference.csv,yes,high_confidence,strong,89.1,106252.0,39449.0,no
University of Illinois Springfield,College 4 Year Public,2,exact,100.0,University of Illinois Springfield,148654,University of Illinois Springfield,ipeds_names_reference.csv,no,high_confidence,thin,40.0,7488.0,1960.0,no
University of Maryland - College Park - University Career Center,College 4 Year Public,2,exact,100.0,University of Maryland,163286,University of Maryland-College Park,revelio_ipeds_institution_mapping.csv,no,,,,,,no
University of Maryland Global Campus,College 4 Year Public,2,exact,100.0,University of Maryland Global Campus,163204,University of Maryland Global Campus,ipeds_names_reference.csv,no,review,review_match,12.4,215.0,197.0,yes
University of Michigan - College of Engineering,College 4 Year Public,2,exact,100.0,University of Michigan,170976,University of Michigan-Ann Arbor,revelio_ipeds_institution_mapping.csv,yes,,,,,,no
University of Michigan - School of Information,College 4 Year Public,2,exact,100.0,University of Michigan,170976,University of Michigan-Ann Arbor,revelio_ipeds_institution_mapping.csv,yes,,,,,,no
University of Minnesota,College 4 Year Public,2,exact,100.0,University of Minnesota,428453,Minnesota State Colleges and Universities System Office,revelio_ipeds_institution_mapping.csv,no,,,,,,no
University of Nebraska - Lincoln,College 4 Year Public,2,exact,100.0,University of Nebraska - Lincoln,181464,University of Nebraska-Lincoln,ipeds_names_reference.csv,no,,,,,,no
University of New England,College 4 Year Private,2,exact,100.0,University of New England,161457,University of New England,ipeds_names_reference.csv,no,high_confidence,thin,39.9,5958.0,1725.0,no
University of New Mexico - Robert O. Anderson Schools of Management,College 4 Year Public,2,exact,100.0,University of New Mexico,187985,University of New Mexico-Main Campus,revelio_ipeds_institution_mapping.csv,no,,,,,,no
University of North Carolina Wilmington,College 4 Year Public,2,exact,100.0,University of North Carolina Wilmington,199218,University of North Carolina Wilmington,ipeds_names_reference.csv,yes,high_confidence,strong,92.1,42899.0,14202.0,no
University of North Dakota - College of Business & Public Administration,College 4 Year Public,2,exact,100.0,University of North Dakota,200280,University of North Dakota,ipeds_names_reference.csv,no,high_confidence,strong,78.1,20878.0,5842.0,no
"University of North Florida - College of Computing, Engineering & Construction",College 4 Year Public,2,exact,100.0,University of North Florida,136172,University of North Florida,ipeds_names_reference.csv,yes,high_confidence,strong,91.1,42281.0,13392.0,no
University of North Florida – Career Services – Industry Engagement,College 4 Year Public,2,fuzzy,100.0,University of North Florida – Career Services – Industry Engagement,134130,University of Florida,ipeds_names_reference.csv,yes,high_confidence,strong,89.0,139813.0,47716.0,no
University of Phoenix,College 4 Year Private,2,exact,100.0,University of Phoenix,105516,University of Phoenix-Phoenix Campus,revelio_ipeds_institution_mapping.csv,no,,,,,,no
University of Pikeville,College 4 Year Private,2,exact,100.0,University of Pikeville,157535,University of Pikeville,ipeds_names_reference.csv,no,high_confidence,avoid,28.3,1469.0,517.0,no
University of Pittsburgh at Greensburg,College 4 Year Public,2,fuzzy,100.0,University of Pittsburgh at Greensburg,215275,University of Pittsburgh-Greensburg,ipeds_names_reference.csv,no,,,,,,no
University of San Diego,College 4 Year Private,2,exact,100.0,University of San Diego,122436,University of San Diego,ipeds_names_reference.csv,no,high_confidence,strong,77.0,22008.0,6765.0,no
University of South Florida - Tampa - Center for Career & Professional Development,College 4 Year Public,2,exact,100.0,University of South Florida,137351,University of South Florida,ipeds_names_reference.csv,no,,,,,,no
University of Washington - Michael G. Foster School of Business,College 4 Year Public,2,exact,100.0,University of Washington,236948,University of Washington-Seattle Campus,revelio_ipeds_institution_mapping.csv,yes,,,,,,no
University of West Georgia,College 4 Year Public,2,exact,100.0,University of West Georgia,141334,University of West Georgia,ipeds_names_reference.csv,no,high_confidence,strong,75.9,20531.0,5897.0,no
University of Wisconsin - Green Bay,College 4 Year Public,2,exact,100.0,University of Wisconsin - Green Bay,240277,University of Wisconsin-Green Bay,ipeds_names_reference.csv,no,high_confidence,usable,66.5,14080.0,4219.0,no
University of Wisconsin - Madison - Office of Academic & Career Success,College 4 Year Public,2,fuzzy,100.0,University of Wisconsin - Madison - Office of Academic & Career Success,240444,University of Wisconsin-Madison,ipeds_names_reference.csv,yes,high_confidence,strong,89.5,113098.0,38287.0,no
University of Wisconsin - Madison - Office of Experiential Learning,College 4 Year Public,2,fuzzy,100.0,University of Wisconsin - Madison - Office of Experiential Learning,240444,University of Wisconsin-Madison,ipeds_names_reference.csv,yes,high_confidence,strong,89.5,113098.0,38287.0,no
University of Wisconsin - Milwaukee - Center for Student Experience and Talent,College 4 Year Public,2,fuzzy,100.0,University of Wisconsin - Milwaukee - Center for Student Experience and Talent,240453,University of Wisconsin-Milwaukee,ipeds_names_reference.csv,no,,,,,,no
Virginia Commonwealth University - Academic Internships,College 4 Year Public,2,exact,100.0,Virginia Commonwealth University,234030,Virginia Commonwealth University,ipeds_names_reference.csv,yes,high_confidence,strong,89.7,64447.0,20330.0,no
Wake Technical Community College,College 2 Year Public,2,exact,100.0,Wake Technical Community College,199856,Wake Technical Community College,ipeds_names_reference.csv,no,,,,,,no
Wallace State Community College - Hanceville,College 2 Year Public,2,fuzzy,100.0,Wallace State Community College - Hanceville,101295,George C Wallace State Community College-Hanceville,ipeds_names_reference.csv,no,,,,,,no
Warren Wilson College,College 4 Year Private,2,exact,100.0,Warren Wilson College,199865,Warren Wilson College,ipeds_names_reference.csv,no,high_confidence,avoid,31.3,1946.0,440.0,no
Washington State University - Vancouver,College 4 Year Public,2,exact,100.0,Washington State University - Vancouver,236939,Washington State University,revelio_ipeds_institution_mapping.csv,yes,high_confidence,strong,91.3,68591.0,22227.0,no
Wayne State University - Career Services,College 4 Year Public,2,exact,100.0,Wayne State University,172644,Wayne State University,ipeds_names_reference.csv,no,high_confidence,strong,86.7,44025.0,16704.0,no
Wayne State University - Ilitch School Career Services,College 4 Year Public,2,exact,100.0,Wayne State University,172644,Wayne State University,ipeds_names_reference.csv,no,high_confidence,strong,86.7,44025.0,16704.0,no
West Texas A&M University,College 4 Year Public,2,exact,100.0,West Texas A&M University,229814,West Texas A & M University,ipeds_names_reference.csv,no,high_confidence,usable,61.8,13442.0,4108.0,no
West Virginia University - John Chambers College of Business & Economics,College 4 Year Public,2,exact,100.0,West Virginia University,238032,West Virginia University,ipeds_names_reference.csv,yes,high_confidence,strong,89.9,56584.0,16855.0,no
Western Colorado University,College 4 Year Public,2,exact,100.0,Western Colorado University,128391,Western Colorado University,ipeds_names_reference.csv,no,high_confidence,thin,36.3,4576.0,1237.0,no
Wingate University,College 4 Year Private,2,exact,100.0,Wingate University,199962,Wingate University,ipeds_names_reference.csv,no,high_confidence,thin,41.9,5212.0,1815.0,no
Maricopa County Community College District,College 2 Year Public,2,fuzzy,90.4,Maricopa County Community College District,247834,Collin County Community College District,ipeds_names_reference.csv,no,,,,,,yes
Complete College America,College Other,2,fuzzy,77.8,Complete College America,449728,ATA College,ipeds_names_reference.csv,no,,,,,,yes
Adelphi University,College 4 Year Private,1,exact,100.0,Adelphi University,188429,Adelphi University,ipeds_names_reference.csv,no,high_confidence,usable,61.5,14264.0,4289.0,no
Alabama A&M University,College 4 Year Public,1,exact,100.0,Alabama A&M University,100654,Alabama A & M University,ipeds_names_reference.csv,no,high_confidence,thin,49.8,7486.0,2351.0,no
Alvernia University,College 4 Year Private,1,exact,100.0,Alvernia University,210775,Alvernia University,ipeds_names_reference.csv,no,high_confidence,thin,37.2,4341.0,1076.0,no
Amherst College,College 4 Year Private,1,exact,100.0,Amherst College,164465,Amherst College,ipeds_names_reference.csv,no,high_confidence,thin,49.3,7668.0,2356.0,no
Anderson University-IN,College 4 Year Private,1,exact,100.0,Anderson University-IN,150066,Anderson University,nace_school_candidates_matched.csv,no,review,review_match,54.8,10315.0,2974.0,yes
Antelope Valley College,College 2 Year Public,1,fuzzy,100.0,Antelope Valley College,109350,Antelope Valley Community College District,ipeds_names_reference.csv,no,,,,,,no
Arcadia University,College 4 Year Private,1,exact,100.0,Arcadia University,211088,Arcadia University,ipeds_names_reference.csv,no,high_confidence,thin,43.6,7164.0,1811.0,no
Arizona State University - Barrett Honors College,College 4 Year Public,1,exact,100.0,Arizona State University,104151,Arizona State University Campus Immersion,revelio_ipeds_institution_mapping.csv,no,review,review_match,89.1,235086.0,99577.0,yes
Arkansas Tech University,College 4 Year Public,1,exact,100.0,Arkansas Tech University,106467,Arkansas Tech University,ipeds_names_reference.csv,no,review,review_match,54.1,11132.0,2905.0,yes
Athens State University,College 4 Year Public,1,exact,100.0,Athens State University,100812,Athens State University,ipeds_names_reference.csv,no,high_confidence,thin,50.8,8058.0,2786.0,no
Auburn University,College 4 Year Public,1,exact,100.0,Auburn University,100858,Auburn University,ipeds_names_reference.csv,yes,high_confidence,strong,90.9,69236.0,25539.0,no
Auburn University - College of Agriculture,College 4 Year Public,1,exact,100.0,Auburn University,100858,Auburn University,ipeds_names_reference.csv,yes,high_confidence,strong,90.9,69236.0,25539.0,no
Auburn University - College of Science and Mathematics,College 4 Year Public,1,exact,100.0,Auburn University,100858,Auburn University,ipeds_names_reference.csv,yes,high_confidence,strong,90.9,69236.0,25539.0,no
Augusta University - Career Services,College 4 Year Public,1,exact,100.0,Augusta University,482149,Augusta University,ipeds_names_reference.csv,no,high_confidence,usable,57.4,10461.0,3633.0,no
Austin College,College 4 Year Private,1,exact,100.0,Austin College,222983,Austin College,ipeds_names_reference.csv,no,high_confidence,thin,40.0,4383.0,1099.0,no
Austin Peay State University,College 4 Year Public,1,exact,100.0,Austin Peay State University,219602,Austin Peay State University,ipeds_names_reference.csv,no,high_confidence,usable,66.4,15804.0,4550.0,no
Babson College,College 4 Year Private,1,exact,100.0,Babson College,164580,Babson College,ipeds_names_reference.csv,no,high_confidence,thin,47.4,10312.0,3982.0,no
Baker College of Auburn Hills,College 4 Year Private,1,exact,100.0,Baker College of Auburn Hills,168847,Baker College,nace_school_candidates_matched.csv,no,review,review_match,50.5,13302.0,2860.0,yes
Bakersfield College,College 2 Year Public,1,exact,100.0,Bakersfield College,109819,Bakersfield College,ipeds_names_reference.csv,no,,,,,,no
Bard College,College 4 Year Private,1,exact,100.0,Bard College,189088,Bard College,ipeds_names_reference.csv,no,high_confidence,thin,36.4,7448.0,2194.0,no
Bay Path University,College 4 Year Private,1,exact,100.0,Bay Path University,164632,Bay Path University,ipeds_names_reference.csv,no,high_confidence,avoid,33.3,4788.0,1527.0,no
Benjamin Franklin Cummings Institute of Technology,College 4 Year Private,1,exact,100.0,Benjamin Franklin Cummings Institute of Technology,165884,Benjamin Franklin Cummings Institute of Technology,ipeds_names_reference.csv,no,high_confidence,avoid,12.8,183.0,69.0,no
Bennington College,College 4 Year Private,1,exact,100.0,Bennington College,230816,Bennington College,ipeds_names_reference.csv,no,,,,,,no
Berklee College of Music - Valencia,College 4 Year Private,1,exact,100.0,Berklee College of Music,164748,Berklee College of Music,ipeds_names_reference.csv,no,high_confidence,usable,63.1,16191.0,5754.0,no
Black Hills State University,College 4 Year Public,1,exact,100.0,Black Hills State University,219046,Black Hills State University,ipeds_names_reference.csv,no,high_confidence,thin,35.8,3679.0,789.0,no
Blackhawk Technical College,College 2 Year Public,1,exact,100.0,Blackhawk Technical College,238397,Blackhawk Technical College,ipeds_names_reference.csv,no,,,,,,no
Borough of Manhattan Community College,College 2 Year Public,1,exact,100.0,Borough of Manhattan Community College,190521,CUNY Borough of Manhattan Community College,revelio_ipeds_institution_mapping.csv,no,,,,,,no
Borough of Manhattan Community College - ASAP,College 2 Year Public,1,exact,100.0,Borough of Manhattan Community College,190521,CUNY Borough of Manhattan Community College,revelio_ipeds_institution_mapping.csv,no,,,,,,no
Brown University,College 4 Year Private,1,exact,100.0,Brown University,217156,Brown University,ipeds_names_reference.csv,yes,high_confidence,strong,84.8,26362.0,8745.0,no
Bryant & Stratton College,College 4 Year Private,1,exact,100.0,Bryant & Stratton College,201469,Bryant & Stratton College-Parma,nace_school_candidates_matched.csv,no,review,review_match,0.0,0.0,0.0,yes
Bryn Mawr College - Career & Civic Engagement Center,College 4 Year Private,1,exact,100.0,Bryn Mawr College,211273,Bryn Mawr College,ipeds_names_reference.csv,no,high_confidence,thin,39.8,5230.0,1563.0,no
Butte College,College 2 Year Public,1,exact,100.0,Butte College,110246,Butte College,ipeds_names_reference.csv,no,,,,,,no
CSUN University Student Union,College 4 Year Public,1,exact,100.0,CSUN University Student Union,221971,Union University,nace_school_candidates_matched.csv,no,review,review_match,40.4,5995.0,1337.0,yes
CUNY Graduate Center,College 4 Year Public,1,exact,100.0,CUNY Graduate Center,190576,CUNY Graduate School and University Center,nace_school_candidates_matched.csv,no,review,review_match,11.3,116.0,27.0,yes
Calhoun Community College,College 2 Year Public,1,fuzzy,100.0,Calhoun Community College,101514,John C Calhoun State Community College,ipeds_names_reference.csv,no,,,,,,no
California Polytechnic State University,College 4 Year Public,1,exact,100.0,California Polytechnic State University,110422,California Polytechnic State University-San Luis Obispo,nace_school_candidates_matched.csv,no,review,review_match,93.0,71389.0,24989.0,yes
California State University - East Bay,College 4 Year Public,1,exact,100.0,California State University - East Bay,110574,California State University-East Bay,ipeds_names_reference.csv,no,high_confidence,strong,85.9,37676.0,12084.0,no
California State University - Los Angeles,College 4 Year Public,1,exact,100.0,California State University - Los Angeles,110592,California State University-Los Angeles,ipeds_names_reference.csv,no,high_confidence,strong,87.2,42707.0,15250.0,no
California State University - Northridge,College 4 Year Public,1,exact,100.0,California State University - Northridge,110608,California State University-Northridge,ipeds_names_reference.csv,yes,high_confidence,strong,90.1,89150.0,27884.0,no
California State University - San Marcos - College of Business Administration,College 4 Year Public,1,exact,100.0,California State University San Marcos,366711,California State University-San Marcos,ipeds_names_reference.csv,yes,high_confidence,strong,92.2,31272.0,11819.0,no
Carroll College,College 4 Year Private,1,exact,100.0,Carroll College,180106,Carroll College,ipeds_names_reference.csv,no,high_confidence,thin,38.5,3212.0,764.0,no
Carroll University,College 4 Year Private,1,exact,100.0,Carroll University,238458,Carroll University,ipeds_names_reference.csv,no,high_confidence,thin,47.9,7186.0,1937.0,no
Cedarville University,College 4 Year Private,1,exact,100.0,Cedarville University,201654,Cedarville University,ipeds_names_reference.csv,no,,,,,,no
Central Piedmont Community College,College 2 Year Public,1,exact,100.0,Central Piedmont Community College,198260,Central Piedmont Community College,ipeds_names_reference.csv,no,,,,,,no
Central State University,College 4 Year Public,1,exact,100.0,Central State University,201690,Central State University,ipeds_names_reference.csv,no,high_confidence,thin,43.5,4155.0,1932.0,no
Chadron State College,College 4 Year Public,1,exact,100.0,Chadron State College,180948,Chadron State College,ipeds_names_reference.csv,no,high_confidence,avoid,31.4,2708.0,622.0,no
Chapman University,College 4 Year Private,1,exact,100.0,Chapman University,111948,Chapman University,ipeds_names_reference.csv,no,high_confidence,strong,87.0,28408.0,10919.0,no
Chattanooga State Community College,College 2 Year Public,1,exact,100.0,Chattanooga State Community College,219824,Chattanooga State Community College,ipeds_names_reference.csv,no,,,,,,no
Chicago State University,College 4 Year Public,1,exact,100.0,Chicago State University,144005,Chicago State University,ipeds_names_reference.csv,no,,,,,,no
Citrus College,College 2 Year Public,1,exact,100.0,Citrus College,112172,Citrus College,ipeds_names_reference.csv,no,,,,,,no
Claflin University,College 4 Year Private,1,exact,100.0,Claflin University,217873,Claflin University,ipeds_names_reference.csv,no,high_confidence,thin,40.5,4121.0,1201.0,no
Claremont McKenna College,College 4 Year Private,1,exact,100.0,Claremont McKenna College,112260,Claremont McKenna College,ipeds_names_reference.csv,no,high_confidence,thin,45.9,5402.0,1830.0,no
Clemson University - The Wilbur O. and Ann Powers College of Business,College 4 Year Public,1,exact,100.0,Clemson University,217882,Clemson University,ipeds_names_reference.csv,no,high_confidence,usable,56.4,7648.0,2528.0,no
Clover Park Technical College,College 4 Year Public,1,exact,100.0,Clover Park Technical College,234951,Clover Park Technical College,ipeds_names_reference.csv,no,high_confidence,avoid,11.5,160.0,104.0,no
Clovis Community College - CA,College 2 Year Public,1,exact,100.0,Clovis Community College,489201,Clovis Community College,ipeds_names_reference.csv,no,,,,,,no
Coastal Carolina University,College 4 Year Public,1,exact,100.0,Coastal Carolina University,218724,Coastal Carolina University,ipeds_names_reference.csv,no,,,,,,no
Colgate University,College 4 Year Private,1,exact,100.0,Colgate University,190099,Colgate University,ipeds_names_reference.csv,no,high_confidence,usable,63.4,12570.0,3932.0,no
College of Charleston,College 4 Year Public,1,exact,100.0,College of Charleston,217819,College of Charleston,ipeds_names_reference.csv,yes,high_confidence,strong,92.7,32870.0,9487.0,no
College of Staten Island - Chazanoff School of Business,College 4 Year Public,1,exact,100.0,College of Staten Island,190558,College of Staten Island CUNY,revelio_ipeds_institution_mapping.csv,no,high_confidence,usable,61.9,11836.0,4290.0,no
College of the Canyons,College 2 Year Public,1,exact,100.0,College of the Canyons,111461,College of the Canyons,ipeds_names_reference.csv,no,,,,,,no
Colorado State University - Fort Collins - College of Business,College 4 Year Public,1,exact,100.0,Colorado State University,126818,Colorado State University-Fort Collins,revelio_ipeds_institution_mapping.csv,yes,high_confidence,strong,90.0,78497.0,24635.0,no
Colorado State University - Pueblo,College 4 Year Public,1,exact,100.0,Colorado State University - Pueblo,128106,Colorado State University Pueblo,ipeds_names_reference.csv,no,review,review_match,46.1,7378.0,1625.0,yes
Commonwealth University of Pennsylvania,College 4 Year Public,1,exact,100.0,Commonwealth University of Pennsylvania,498562,Commonwealth University of Pennsylvania,ipeds_names_reference.csv,no,,,,,,no
Copper Mountain College,College 2 Year Public,1,fuzzy,100.0,Copper Mountain College,395362,Copper Mountain Community College,ipeds_names_reference.csv,no,,,,,,no
Cornell University - College of Arts & Sciences,College 4 Year Private,1,exact,100.0,Cornell University,190415,Cornell University,ipeds_names_reference.csv,yes,high_confidence,strong,86.5,67634.0,21755.0,no
County College of Morris,College 2 Year Public,1,exact,100.0,County College of Morris,184180,County College of Morris,ipeds_names_reference.csv,no,,,,,,no
Curry College,College 4 Year Private,1,exact,100.0,Curry College,165529,Curry College,ipeds_names_reference.csv,no,high_confidence,thin,41.4,6776.0,1652.0,no
Cuyahoga Community College - District Office,College 2 Year Public,1,exact,100.0,Cuyahoga Community College,202356,Cuyahoga Community College District,revelio_ipeds_institution_mapping.csv,no,,,,,,no
"Cuyahoga Community College - Jack, Joseph and Morton Mandel Humanities Center",College 2 Year Public,1,exact,100.0,Cuyahoga Community College,202356,Cuyahoga Community College District,revelio_ipeds_institution_mapping.csv,no,,,,,,no
DePaul University,College 4 Year Private,1,exact,100.0,DePaul University,144740,DePaul University,ipeds_names_reference.csv,no,high_confidence,strong,86.8,54769.0,15635.0,no
Delaware State University,College 4 Year Public,1,exact,100.0,Delaware State University,130934,Delaware State University,ipeds_names_reference.csv,no,,,,,,no
Des Moines Area Community College,College 2 Year Public,1,exact,100.0,Des Moines Area Community College,153214,Des Moines Area Community College,ipeds_names_reference.csv,no,,,,,,no
DigiPen Institute of Technology,College 4 Year Private,1,exact,100.0,DigiPen Institute of Technology,443410,DigiPen Institute of Technology,ipeds_names_reference.csv,no,high_confidence,thin,42.7,5972.0,2772.0,no
Dillard University,College 4 Year Private,1,exact,100.0,Dillard University,158802,Dillard University,ipeds_names_reference.csv,no,,,,,,no
Duke University - Duke LIFE,College 4 Year Private,1,exact,100.0,Duke University,198419,Duke University,ipeds_names_reference.csv,yes,high_confidence,strong,85.3,31097.0,10573.0,no
Dunwoody College of Technology,College 4 Year Private,1,exact,100.0,Dunwoody College of Technology,175227,Dunwoody College of Technology,ipeds_names_reference.csv,no,,,,,,no
East Texas A&M University,College 4 Year Public,1,exact,100.0,East Texas A&M University,224554,East Texas A&M University,ipeds_names_reference.csv,no,high_confidence,thin,35.6,4316.0,1293.0,no
Elizabeth City State University,College 4 Year Public,1,exact,100.0,Elizabeth City State University,198507,Elizabeth City State University,ipeds_names_reference.csv,no,high_confidence,thin,38.8,3814.0,925.0,no
Emory University,College 4 Year Private,1,exact,100.0,Emory University,139658,Emory University,ipeds_names_reference.csv,no,high_confidence,strong,87.4,32157.0,11009.0,no
Emory University - Career Center,College 4 Year Private,1,exact,100.0,Emory University,139658,Emory University,ipeds_names_reference.csv,no,high_confidence,strong,87.4,32157.0,11009.0,no
Escuela Bancaria y Comercial,College 4 Year Private,1,exact,100.0,Escuela Bancaria y Comercial,431123,Escuela Tecnica de Electricidad,nace_school_candidates_matched.csv,no,,,,,,no
Excelsior University,College 4 Year Private,1,exact,100.0,Excelsior University,196680,Excelsior University,ipeds_names_reference.csv,no,high_confidence,strong,75.0,24679.0,6641.0,no
Fairfield University,College 4 Year Private,1,exact,100.0,Fairfield University,129242,Fairfield University,ipeds_names_reference.csv,no,high_confidence,usable,73.9,15547.0,5442.0,no
Fairleigh Dickinson University - Metropolitan Campus,College 4 Year Private,1,exact,100.0,Fairleigh Dickinson University - Metropolitan Campus,184603,Fairleigh Dickinson University-Metropolitan Campus,ipeds_names_reference.csv,no,,,,,,no
Felician University,College 4 Year Private,1,exact,100.0,Felician University,184612,Felician University,ipeds_names_reference.csv,no,,,,,,no
Florida A&M University,College 4 Year Public,1,exact,100.0,Florida A&M University,133650,Florida Agricultural and Mechanical University,revelio_ipeds_institution_mapping.csv,no,high_confidence,strong,76.4,19131.0,5407.0,no
Florida Gulf Coast University - Lutgert College of Business,College 4 Year Public,1,exact,100.0,Florida Gulf Coast University,433660,Florida Gulf Coast University,ipeds_names_reference.csv,yes,high_confidence,strong,90.8,28497.0,11213.0,no
Florida Southern College,College 4 Year Private,1,exact,100.0,Florida Southern College,134079,Florida Southern College,ipeds_names_reference.csv,no,high_confidence,thin,51.0,7746.0,2571.0,no
Fordham University,College 4 Year Private,1,exact,100.0,Fordham University,191241,Fordham University,ipeds_names_reference.csv,no,high_confidence,strong,86.2,35535.0,12467.0,no
Forsyth Technical Community College,College 2 Year Public,1,exact,100.0,Forsyth Technical Community College,198552,Forsyth Technical Community College,ipeds_names_reference.csv,no,,,,,,no
Fort Lewis College,College 4 Year Public,1,exact,100.0,Fort Lewis College,127185,Fort Lewis College,ipeds_names_reference.csv,no,,,,,,no
Framingham State University,College 4 Year Public,1,exact,100.0,Framingham State University,165866,Framingham State University,ipeds_names_reference.csv,no,high_confidence,thin,49.8,10155.0,2449.0,no
Franklin & Marshall College,College 4 Year Private,1,exact,100.0,Franklin & Marshall College,212577,Franklin and Marshall College,ipeds_names_reference.csv,no,high_confidence,thin,51.4,8864.0,2550.0,no
Front Range Community College,College 4 Year Public,1,exact,100.0,Front Range Community College,127200,Front Range Community College,ipeds_names_reference.csv,no,high_confidence,avoid,22.8,652.0,349.0,no
Gallaudet University,College 4 Year Private,1,exact,100.0,Gallaudet University,131450,Gallaudet University,ipeds_names_reference.csv,no,high_confidence,avoid,34.2,2636.0,783.0,no
Gaston College,College 2 Year Public,1,exact,100.0,Gaston College,198570,Gaston College,ipeds_names_reference.csv,no,,,,,,no
Georgia Institute of Technology - College of Computing,College 4 Year Public,1,exact,100.0,Georgia Institute of Technology,139755,Georgia Institute of Technology-Main Campus,revelio_ipeds_institution_mapping.csv,yes,high_confidence,strong,87.8,64904.0,24851.0,no
Georgia Institute of Technology - H.Milton Stewart School of Industrial & Systems Engineering,College 4 Year Public,1,exact,100.0,Georgia Institute of Technology,139755,Georgia Institute of Technology-Main Campus,revelio_ipeds_institution_mapping.csv,yes,high_confidence,strong,87.8,64904.0,24851.0,no
Georgia Institute of Technology - Scheller College of Business,College 4 Year Public,1,exact,100.0,Georgia Institute of Technology,139755,Georgia Institute of Technology-Main Campus,revelio_ipeds_institution_mapping.csv,yes,high_confidence,strong,87.8,64904.0,24851.0,no
Georgia State University - J. Mack Robinson College of Business,College 4 Year Public,1,exact,100.0,Georgia State University,139940,Georgia State University,ipeds_names_reference.csv,no,,,,,,no
Georgia Tech - Biomedical Engineering,College 4 Year Public,1,exact,100.0,Georgia Tech,139755,Georgia Institute of Technology-Main Campus,nace_school_candidates_matched.csv,yes,high_confidence,strong,87.8,64904.0,24851.0,no
Goldey-Beacom College,College 4 Year Private,1,exact,100.0,Goldey-Beacom College,130989,Goldey-Beacom College,ipeds_names_reference.csv,no,,,,,,no
Grambling State University,College 4 Year Public,1,exact,100.0,Grambling State University,159009,Grambling State University,ipeds_names_reference.csv,no,,,,,,no
Grand Rapids Community College,College 2 Year Public,1,exact,100.0,Grand Rapids Community College,170055,Grand Rapids Community College,ipeds_names_reference.csv,no,,,,,,no
Hampden-Sydney College,College 4 Year Private,1,exact,100.0,Hampden-Sydney College,232256,Hampden-Sydney College,ipeds_names_reference.csv,no,high_confidence,thin,35.7,3488.0,832.0,no
Harding University,College 4 Year Private,1,exact,100.0,Harding University,107044,Harding University,ipeds_names_reference.csv,no,high_confidence,thin,52.3,10107.0,2410.0,no
Harvard University - Harvard Divinity School,College 4 Year Private,1,exact,100.0,Harvard University,166027,Harvard University,ipeds_names_reference.csv,yes,high_confidence,strong,83.1,43861.0,15808.0,no
Harvard University - Mignone Center for Career Success,College 4 Year Private,1,exact,100.0,Harvard University,166027,Harvard University,ipeds_names_reference.csv,yes,high_confidence,strong,83.1,43861.0,15808.0,no
Hawaii Community College,College 2 Year Public,1,exact,100.0,Hawaii Community College,383190,Hawaii Community College,ipeds_names_reference.csv,no,,,,,,no
Herkimer County Community College,College 2 Year Public,1,exact,100.0,Herkimer County Community College,191612,Herkimer County Community College,ipeds_names_reference.csv,no,,,,,,no
Holy Family University,College 4 Year Private,1,exact,100.0,Holy Family University,212984,Holy Family University,ipeds_names_reference.csv,no,high_confidence,thin,36.2,4302.0,1193.0,no
Holyoke Community College,College 2 Year Public,1,exact,100.0,Holyoke Community College,166133,Holyoke Community College,ipeds_names_reference.csv,no,,,,,,no
Hunter College,College 4 Year Public,1,exact,100.0,Hunter College,190594,CUNY Hunter College,revelio_ipeds_institution_mapping.csv,no,high_confidence,strong,87.6,34966.0,12691.0,no
Huston-Tillotson University,College 4 Year Private,1,exact,100.0,Huston-Tillotson University,225575,Huston-Tillotson University,ipeds_names_reference.csv,no,,,,,,no
Idaho State University,College 4 Year Public,1,exact,100.0,Idaho State University,142276,Idaho State University,ipeds_names_reference.csv,no,high_confidence,thin,53.9,11186.0,3108.0,no
Indiana University - Bloomington - Kelley School of Business,College 4 Year Public,1,fuzzy,100.0,Indiana University - Bloomington - Kelley School of Business,151351,Indiana University-Bloomington,ipeds_names_reference.csv,yes,high_confidence,strong,89.4,144764.0,46355.0,no
Indiana University - Bloomington - School of Informatics & Computing,College 4 Year Public,1,fuzzy,100.0,Indiana University - Bloomington - School of Informatics & Computing,151351,Indiana University-Bloomington,ipeds_names_reference.csv,yes,high_confidence,strong,89.4,144764.0,46355.0,no
Indiana University - South Bend,College 4 Year Public,1,exact,100.0,Indiana University - South Bend,151342,Indiana University-South Bend,ipeds_names_reference.csv,no,high_confidence,avoid,22.2,462.0,221.0,no
Indiana Wesleyan University,College 4 Year Private,1,exact,100.0,Indiana Wesleyan University,151801,Indiana Wesleyan University-Marion,revelio_ipeds_institution_mapping.csv,no,,,,,,no
Iona University,College 4 Year Private,1,exact,100.0,Iona University,191931,Iona University,ipeds_names_reference.csv,no,high_confidence,thin,49.3,9312.0,2414.0,no
Iowa State University - College of Business - Undergraduate,College 4 Year Public,1,exact,100.0,Iowa State University,153603,Iowa State University,ipeds_names_reference.csv,yes,high_confidence,strong,91.4,76897.0,24449.0,no
Iowa State University - College of Engineering,College 4 Year Public,1,exact,100.0,Iowa State University,153603,Iowa State University,ipeds_names_reference.csv,yes,high_confidence,strong,91.4,76897.0,24449.0,no
Ithaca College - Center for Career Exploration and Development,College 4 Year Private,1,exact,100.0,Ithaca College,191968,Ithaca College,ipeds_names_reference.csv,no,,,,,,no
J. Sargeant Reynolds Community College - Downtown Campus in Richmond,College 2 Year Public,1,exact,100.0,J. Sargeant Reynolds Community College,232414,J Sargeant Reynolds Community College,ipeds_names_reference.csv,no,,,,,,no
John Jay College of Criminal Justice - MA Program,College 4 Year Public,1,exact,100.0,John Jay College of Criminal Justice,190600,CUNY John Jay College of Criminal Justice,revelio_ipeds_institution_mapping.csv,no,high_confidence,strong,82.3,26433.0,9700.0,no
Joliet Junior College,College 2 Year Public,1,exact,100.0,Joliet Junior College,146296,Joliet Junior College,ipeds_names_reference.csv,no,,,,,,no
Kansas City Kansas Community College,College 2 Year Public,1,exact,100.0,Kansas City Kansas Community College,155292,Kansas City Kansas Community College,ipeds_names_reference.csv,no,,,,,,no
Kean University - College of Business and Public Management,College 4 Year Public,1,exact,100.0,Kean University,185262,Kean University,ipeds_names_reference.csv,no,high_confidence,strong,87.5,29712.0,9766.0,no
Keuka College,College 4 Year Private,1,exact,100.0,Keuka College,192192,Keuka College,ipeds_names_reference.csv,no,high_confidence,thin,35.2,4164.0,881.0,no
Kingsborough Community College - ASAP,College 2 Year Public,1,exact,100.0,Kingsborough Community College,190619,CUNY Kingsborough Community College,revelio_ipeds_institution_mapping.csv,no,,,,,,no
Kishwaukee College,College 2 Year Public,1,exact,100.0,Kishwaukee College,146418,Kishwaukee College,ipeds_names_reference.csv,no,,,,,,no
Kutztown University of Pennsylvania,College 4 Year Public,1,exact,100.0,Kutztown University of Pennsylvania,213349,Kutztown University of Pennsylvania,ipeds_names_reference.csv,no,high_confidence,strong,76.0,20691.0,4927.0,no
La Salle University,College 4 Year Private,1,exact,100.0,La Salle University,213367,La Salle University,ipeds_names_reference.csv,no,high_confidence,thin,52.3,11371.0,2822.0,no
LaGuardia Community College - ASAP,College 2 Year Public,1,exact,100.0,LaGuardia Community College,190628,CUNY LaGuardia Community College,revelio_ipeds_institution_mapping.csv,no,,,,,,no
Lafayette College,College 4 Year Private,1,exact,100.0,Lafayette College,213385,Lafayette College,ipeds_names_reference.csv,no,high_confidence,usable,56.6,10636.0,3444.0,no
Lamar University,College 4 Year Public,1,exact,100.0,Lamar University,226091,Lamar University,ipeds_names_reference.csv,no,high_confidence,usable,68.1,17386.0,5599.0,no
Lawrence University,College 4 Year Private,1,exact,100.0,Lawrence University,239017,Lawrence University,ipeds_names_reference.csv,no,,,,,,no
Lehigh Carbon Community College,College 2 Year Public,1,exact,100.0,Lehigh Carbon Community College,213525,Lehigh Carbon Community College,ipeds_names_reference.csv,no,,,,,,no
Lehman College - ACE,College 4 Year Public,1,exact,100.0,Lehman College,190637,CUNY Lehman College,nace_school_candidates_matched.csv,no,high_confidence,strong,76.5,20893.0,8329.0,no
Lone Star College - Cy-Fair,College 4 Year Public,1,exact,100.0,Lone Star College,227182,Lone Star College System,nace_school_candidates_matched.csv,no,high_confidence,avoid,32.9,2657.0,1702.0,no
Lone Star College - Online,College 4 Year Public,1,exact,100.0,Lone Star College,227182,Lone Star College System,nace_school_candidates_matched.csv,no,high_confidence,avoid,32.9,2657.0,1702.0,no
Los Angeles Pacific University,College 4 Year Private,1,exact,100.0,Los Angeles Pacific University,474863,Los Angeles Pacific University,ipeds_names_reference.csv,no,high_confidence,avoid,18.2,564.0,461.0,no
Louisiana Delta Community College,College 2 Year Public,1,exact,100.0,Louisiana Delta Community College,483212,Louisiana Delta Community College,ipeds_names_reference.csv,no,,,,,,no
Louisiana State University in Shreveport,College 4 Year Public,1,exact,100.0,Louisiana State University in Shreveport,159416,Louisiana State University-Shreveport,nace_school_candidates_matched.csv,no,high_confidence,avoid,31.7,4843.0,1403.0,no
Loyola University Chicago,College 4 Year Private,1,exact,100.0,Loyola University Chicago,146719,Loyola University Chicago,ipeds_names_reference.csv,no,high_confidence,strong,87.7,35808.0,12611.0,no
Loyola University New Orleans - Career Development Center,College 4 Year Private,1,exact,100.0,Loyola University New Orleans,159656,Loyola University New Orleans,ipeds_names_reference.csv,no,high_confidence,thin,49.7,9307.0,2705.0,no
Lynn University,College 4 Year Private,1,exact,100.0,Lynn University,132657,Lynn University,ipeds_names_reference.csv,no,high_confidence,thin,46.9,6893.0,2324.0,no
Madison Area Technical College,College 4 Year Public,1,exact,100.0,Madison Area Technical College,238263,Madison Area Technical College,ipeds_names_reference.csv,no,high_confidence,avoid,14.1,349.0,131.0,no
Manchester Community College - CT,College 2 Year Public,1,exact,100.0,Manchester Community College,183132,Manchester Community College,ipeds_names_reference.csv,no,,,,,,no
Marymount Manhattan College,College 4 Year Private,1,exact,100.0,Marymount Manhattan College,192864,Marymount Manhattan College,ipeds_names_reference.csv,no,high_confidence,thin,40.6,5853.0,1548.0,no
Massachusetts College of Art & Design,College 4 Year Public,1,exact,100.0,Massachusetts College of Art & Design,166674,Massachusetts College of Art and Design,ipeds_names_reference.csv,no,,,,,,no
Massasoit Community College - Brockton,College 2 Year Public,1,exact,100.0,Massasoit Community College,166823,Massasoit Community College,ipeds_names_reference.csv,no,,,,,,no
McDaniel College,College 4 Year Private,1,exact,100.0,McDaniel College,164270,McDaniel College,ipeds_names_reference.csv,no,,,,,,no
McNeese State University,College 4 Year Public,1,exact,100.0,McNeese State University,159717,McNeese State University,ipeds_names_reference.csv,no,high_confidence,thin,50.5,9602.0,2363.0,no
McPherson College,College 4 Year Private,1,exact,100.0,McPherson College,155511,McPherson College,ipeds_names_reference.csv,no,high_confidence,avoid,32.7,1898.0,718.0,no
Medgar Evers College - ASAP,College 4 Year Public,1,exact,100.0,Medgar Evers College,190646,CUNY Medgar Evers College,nace_school_candidates_matched.csv,no,high_confidence,avoid,34.1,4257.0,1371.0,no
Menlo College,College 4 Year Private,1,exact,100.0,Menlo College,118693,Menlo College,ipeds_names_reference.csv,no,,,,,,no
Michigan State University,College 4 Year Public,1,exact,100.0,Michigan State University,171100,Michigan State University,ipeds_names_reference.csv,yes,high_confidence,strong,90.0,124610.0,37561.0,no
Michigan State University - College of Natural Science,College 4 Year Public,1,exact,100.0,Michigan State University,171100,Michigan State University,ipeds_names_reference.csv,yes,high_confidence,strong,90.0,124610.0,37561.0,no
Michigan State University - Eli Broad College of Business,College 4 Year Public,1,exact,100.0,Michigan State University,171100,Michigan State University,ipeds_names_reference.csv,yes,high_confidence,strong,90.0,124610.0,37561.0,no
Michigan Technological University,College 4 Year Public,1,exact,100.0,Michigan Technological University,171128,Michigan Technological University,ipeds_names_reference.csv,no,high_confidence,usable,74.9,17122.0,5065.0,no
Mid-State Technical College,College 2 Year Public,1,exact,100.0,Mid-State Technical College,239220,Mid-State Technical College,ipeds_names_reference.csv,no,,,,,,no
Midway University,College 4 Year Private,1,exact,100.0,Midway University,157377,Midway University,ipeds_names_reference.csv,no,high_confidence,avoid,26.4,1877.0,624.0,no
Milligan College,College 4 Year Private,1,exact,100.0,Milligan College,486901,Milligan University,nace_school_candidates_matched.csv,no,review,review_match,31.5,2184.0,642.0,yes
Mineral Area College,College 2 Year Public,1,exact,100.0,Mineral Area College,178217,Mineral Area College,ipeds_names_reference.csv,no,,,,,,no
Minnesota State University - Mankato,College 4 Year Public,1,exact,100.0,Minnesota State University - Mankato,173920,Minnesota State University-Mankato,ipeds_names_reference.csv,no,review,review_match,90.6,30113.0,9028.0,yes
Misericordia University,College 4 Year Private,1,exact,100.0,Misericordia University,214069,Misericordia University,ipeds_names_reference.csv,no,high_confidence,thin,38.3,4760.0,1377.0,no
Mississippi State University - Holmes Center for Student Success,College 4 Year Public,1,exact,100.0,Mississippi State University,176080,Mississippi State University,ipeds_names_reference.csv,no,,,,,,no
Mississippi Valley State University,College 4 Year Public,1,exact,100.0,Mississippi Valley State University,176044,Mississippi Valley State University,ipeds_names_reference.csv,no,high_confidence,avoid,32.6,2352.0,460.0,no
Missouri State University - West Plains,College 2 Year Public,1,exact,100.0,Missouri State University - West Plains,179344,Missouri State University-West Plains,ipeds_names_reference.csv,no,,,,,,no
Montana Tech,College 4 Year Public,1,exact,100.0,Montana Tech,180416,Montana Technological University,revelio_ipeds_institution_mapping.csv,no,,,,,,no
Montclair State University,College 4 Year Public,1,exact,100.0,Montclair State University,185590,Montclair State University,ipeds_names_reference.csv,yes,high_confidence,strong,89.3,48796.0,16350.0,no
Morgan Community College,College 4 Year Public,1,exact,100.0,Morgan Community College,127617,Morgan Community College,ipeds_names_reference.csv,no,high_confidence,avoid,8.1,138.0,30.0,no
Morgan State University,College 4 Year Public,1,exact,100.0,Morgan State University,163453,Morgan State University,ipeds_names_reference.csv,no,high_confidence,usable,68.8,14322.0,4475.0,no
Mount Holyoke College,College 4 Year Private,1,exact,100.0,Mount Holyoke College,166939,Mount Holyoke College,ipeds_names_reference.csv,no,high_confidence,thin,53.2,9307.0,2630.0,no
Mt. San Antonio College,College 2 Year Public,1,exact,100.0,Mt. San Antonio College,119164,Mt San Antonio College,ipeds_names_reference.csv,no,,,,,,no
Muskingum University,College 4 Year Private,1,exact,100.0,Muskingum University,204264,Muskingum University,ipeds_names_reference.csv,no,high_confidence,thin,37.8,3498.0,839.0,no
Nazareth University,College 4 Year Private,1,exact,100.0,Nazareth University,193584,Nazareth University,ipeds_names_reference.csv,no,high_confidence,thin,41.5,5974.0,1561.0,no
Nebraska Methodist College,College 4 Year Private,1,exact,100.0,Nebraska Methodist College,181297,Nebraska Methodist College of Nursing & Allied Health,nace_school_candidates_matched.csv,no,high_confidence,avoid,17.5,1155.0,396.0,no
New Mexico State University - Main Campus,College 4 Year Public,1,exact,100.0,New Mexico State University - Main Campus,188030,New Mexico State University-Main Campus,ipeds_names_reference.csv,no,high_confidence,strong,75.6,22328.0,5722.0,no
New York City College of Technology - ASAP,College 4 Year Public,1,fuzzy,100.0,New York City College of Technology,190655,CUNY New York City College of Technology,ipeds_names_reference.csv,no,,,,,,no
New York University,College 4 Year Private,1,exact,100.0,New York University,193900,New York University,ipeds_names_reference.csv,yes,high_confidence,strong,84.8,115812.0,39621.0,no
New York University - Center for Data Science,College 4 Year Private,1,exact,100.0,New York University,193900,New York University,ipeds_names_reference.csv,yes,high_confidence,strong,84.8,115812.0,39621.0,no
New York University - The Wasserman Center for Career Development,College 4 Year Private,1,exact,100.0,New York University,193900,New York University,ipeds_names_reference.csv,yes,high_confidence,strong,84.8,115812.0,39621.0,no
Nicolet Area Technical College,College 2 Year Public,1,exact,100.0,Nicolet Area Technical College,239442,Nicolet Area Technical College,ipeds_names_reference.csv,no,,,,,,no
North Carolina Central University,College 4 Year Public,1,exact,100.0,North Carolina Central University,199157,North Carolina Central University,ipeds_names_reference.csv,no,high_confidence,usable,59.1,12723.0,3569.0,no
North Carolina Central University - School of Business,College 4 Year Public,1,exact,100.0,North Carolina Central University,199157,North Carolina Central University,ipeds_names_reference.csv,no,high_confidence,usable,59.1,12723.0,3569.0,no
North Carolina State University,College 4 Year Public,1,exact,100.0,North Carolina State University,199193,North Carolina State University at Raleigh,revelio_ipeds_institution_mapping.csv,no,,,,,,no
North Central State College,College 4 Year Public,1,exact,100.0,North Central State College,204422,North Central State College,ipeds_names_reference.csv,no,high_confidence,avoid,0.0,0.0,0.0,no
North Shore Community College,College 2 Year Public,1,exact,100.0,North Shore Community College,167312,North Shore Community College,ipeds_names_reference.csv,no,,,,,,no
Northeast Lakeview College,College 2 Year Public,1,exact,100.0,Northeast Lakeview College,488730,Northeast Lakeview College,ipeds_names_reference.csv,no,,,,,,no
Northeastern University,College 4 Year Private,1,exact,100.0,Northeastern University,167358,Northeastern University,ipeds_names_reference.csv,no,high_confidence,strong,86.5,80730.0,30818.0,no
Northeastern University - College of Professional Studies,College 4 Year Private,1,exact,100.0,Northeastern University,167358,Northeastern University,ipeds_names_reference.csv,no,high_confidence,strong,86.5,80730.0,30818.0,no
Northern Illinois University,College 4 Year Public,1,exact,100.0,Northern Illinois University,147703,Northern Illinois University,ipeds_names_reference.csv,no,high_confidence,strong,88.7,47454.0,10661.0,no
Northern Kentucky University,College 4 Year Public,1,exact,100.0,Northern Kentucky University,157447,Northern Kentucky University,ipeds_names_reference.csv,no,high_confidence,strong,79.6,24768.0,6961.0,no
Norwich University,College 4 Year Private,1,exact,100.0,Norwich University,230995,Norwich University,ipeds_names_reference.csv,no,high_confidence,thin,46.2,7443.0,2396.0,no
Oakland University - Career and Life Design Center,College 4 Year Public,1,exact,100.0,Oakland University,171571,Oakland University,ipeds_names_reference.csv,no,high_confidence,strong,88.7,37478.0,11805.0,no
Oberlin College,College 4 Year Private,1,exact,100.0,Oberlin College,204501,Oberlin College,ipeds_names_reference.csv,no,high_confidence,usable,55.9,10407.0,2821.0,no
Ocean County College,College 2 Year Public,1,exact,100.0,Ocean County College,185873,Ocean County College,ipeds_names_reference.csv,no,,,,,,no
Ohio Dominican University,College 4 Year Private,1,exact,100.0,Ohio Dominican University,204617,Ohio Dominican University,ipeds_names_reference.csv,no,high_confidence,thin,35.4,4085.0,736.0,no
Ohio University - Division of Student Affairs,College 4 Year Public,1,exact,100.0,Ohio University,204857,Ohio University-Main Campus,revelio_ipeds_institution_mapping.csv,yes,high_confidence,strong,89.5,66066.0,17455.0,no
Oklahoma City Community College,College 2 Year Public,1,exact,100.0,Oklahoma City Community College,207449,Oklahoma City Community College,ipeds_names_reference.csv,no,,,,,,no
Oregon State University - Career Development Center,College 4 Year Public,1,exact,100.0,Oregon State University,209542,Oregon State University,ipeds_names_reference.csv,yes,high_confidence,strong,91.3,66833.0,26397.0,no
Oregon State University - Public Health,College 4 Year Public,1,exact,100.0,Oregon State University,209542,Oregon State University,ipeds_names_reference.csv,yes,high_confidence,strong,91.3,66833.0,26397.0,no
Otis College of Art & Design,College 4 Year Private,1,exact,100.0,Otis College of Art & Design,120403,Otis College of Art and Design,ipeds_names_reference.csv,no,,,,,,no
Ozarks Technical Community College,College 2 Year Public,1,exact,100.0,Ozarks Technical Community College,177472,Ozarks Technical Community College,ipeds_names_reference.csv,no,,,,,,no
Palo Alto College - Career and Experiential Learning,College 2 Year Public,1,exact,100.0,Palo Alto College,246354,Palo Alto College,ipeds_names_reference.csv,no,,,,,,no
Parkland College,College 2 Year Public,1,exact,100.0,Parkland College,147916,Parkland College,ipeds_names_reference.csv,no,,,,,,no
Pennsylvania State University - College of Information Sciences & Technology,College 4 Year Public,1,exact,100.0,Pennsylvania State University,214777,Pennsylvania State University-Main Campus,nace_school_candidates_matched.csv,no,high_confidence,avoid,0.0,0.0,0.0,no
Pennsylvania State University - Office of the President,College 4 Year Public,1,exact,100.0,Pennsylvania State University,214777,Pennsylvania State University-Main Campus,nace_school_candidates_matched.csv,no,high_confidence,avoid,0.0,0.0,0.0,no
Pennsylvania State University - Smeal College of Business,College 4 Year Public,1,exact,100.0,Pennsylvania State University,214777,Pennsylvania State University-Main Campus,nace_school_candidates_matched.csv,no,high_confidence,avoid,0.0,0.0,0.0,no
Pepperdine University - Seaver College Career Center,College 4 Year Private,1,exact,100.0,Pepperdine University,121150,Pepperdine University,ipeds_names_reference.csv,no,high_confidence,usable,60.5,14472.0,4463.0,no
Pittsburg State University,College 4 Year Public,1,exact,100.0,Pittsburg State University,155681,Pittsburg State University,ipeds_names_reference.csv,no,,,,,,no
Plattsburgh State - SUNY,College 4 Year Public,1,exact,100.0,Plattsburgh State - SUNY,196246,State University of New York at Plattsburgh,nace_school_candidates_matched.csv,no,review,review_match,0.0,0.0,0.0,yes
Porterville College,College 2 Year Public,1,exact,100.0,Porterville College,121363,Porterville College,ipeds_names_reference.csv,no,,,,,,no
Portland Community College,College 2 Year Public,1,exact,100.0,Portland Community College,209746,Portland Community College,ipeds_names_reference.csv,no,,,,,,no
Princeton University,College 4 Year Private,1,exact,100.0,Princeton University,186131,Princeton University,ipeds_names_reference.csv,yes,high_confidence,strong,77.9,19687.0,6483.0,no
Queensborough Community College - ASAP,College 2 Year Public,1,fuzzy,100.0,Queensborough Community College,190673,CUNY Queensborough Community College,ipeds_names_reference.csv,no,,,,,,no
Quincy University,College 4 Year Private,1,exact,100.0,Quincy University,148131,Quincy University,ipeds_names_reference.csv,no,,,,,,no
Rio Salado College,College 4 Year Public,1,exact,100.0,Rio Salado College,105668,Rio Salado College,ipeds_names_reference.csv,no,,,,,,no
Rock Valley College,College 2 Year Public,1,exact,100.0,Rock Valley College,148380,Rock Valley College,ipeds_names_reference.csv,no,,,,,,no
Rockhurst University,College 4 Year Private,1,exact,100.0,Rockhurst University,179043,Rockhurst University,ipeds_names_reference.csv,no,high_confidence,thin,41.0,5821.0,1630.0,no
Rutgers Business School - Office of Career Management - Undergraduate Office,College 4 Year Public,1,exact,100.0,Rutgers Business School,191728,Hunter Business School,nace_school_candidates_matched.csv,no,review,review_match,8.7,33.0,5.0,yes
Rutgers University - Camden - Empowering Equitable Education in STEM,College 4 Year Public,1,exact,100.0,Rutgers University,186380,Rutgers University-New Brunswick,revelio_ipeds_institution_mapping.csv,no,high_confidence,strong,89.6,34738.0,20651.0,no
Rutgers University - New Brunswick - School of Management and Labor Relations,College 4 Year Public,1,exact,100.0,Rutgers University,186380,Rutgers University-New Brunswick,revelio_ipeds_institution_mapping.csv,no,high_confidence,strong,89.6,34738.0,20651.0,no
SUNY College at Oneonta,College 4 Year Public,1,exact,100.0,SUNY College at Oneonta,196185,SUNY Oneonta,nace_school_candidates_matched.csv,no,review,review_match,69.5,17247.0,4274.0,yes
Saint Joseph's College of Maine,College 4 Year Private,1,exact,100.0,Saint Joseph's College of Maine,161518,Saint Joseph's College of Maine,ipeds_names_reference.csv,no,,,,,,no
Saint Xavier University,College 4 Year Private,1,exact,100.0,Saint Xavier University,148627,Saint Xavier University,ipeds_names_reference.csv,no,high_confidence,thin,47.3,7561.0,2235.0,no
Salem College,College 4 Year Private,1,exact,100.0,Salem College,199607,Salem College,ipeds_names_reference.csv,no,,,,,,no
San Antonio College,College 2 Year Public,1,exact,100.0,San Antonio College,227924,San Antonio College,ipeds_names_reference.csv,no,,,,,,no
San Diego State University,College 4 Year Public,1,exact,100.0,San Diego State University,122409,San Diego State University,ipeds_names_reference.csv,yes,high_confidence,strong,90.7,102578.0,35580.0,no
San Juan College,College 2 Year Public,1,exact,100.0,San Juan College,188100,San Juan College,ipeds_names_reference.csv,no,,,,,,no
Santa Rosa Junior College,College 2 Year Public,1,exact,100.0,Santa Rosa Junior College,123013,Santa Rosa Junior College,ipeds_names_reference.csv,no,,,,,,no
Savannah State University,College 4 Year Public,1,exact,100.0,Savannah State University,140960,Savannah State University,ipeds_names_reference.csv,no,,,,,,no
School of Visual Arts,College 4 Year Private,1,exact,100.0,School of Visual Arts,197151,School of Visual Arts,ipeds_names_reference.csv,no,,,,,,no
Scripps College,College 4 Year Private,1,exact,100.0,Scripps College,123165,Scripps College,ipeds_names_reference.csv,no,high_confidence,thin,41.9,3970.0,1302.0,no
Seattle University,College 4 Year Private,1,exact,100.0,Seattle University,236595,Seattle University,ipeds_names_reference.csv,no,high_confidence,usable,70.5,18201.0,5359.0,no
Shelton State Community College,College 2 Year Public,1,exact,100.0,Shelton State Community College,102067,Shelton State Community College,ipeds_names_reference.csv,no,,,,,,no
Shoreline Community College,College 2 Year Public,1,exact,100.0,Shoreline Community College,236610,Shoreline Community College,ipeds_names_reference.csv,no,,,,,,no
Simmons University,College 4 Year Private,1,exact,100.0,Simmons University,167783,Simmons University,ipeds_names_reference.csv,no,high_confidence,thin,40.8,6881.0,1905.0,no
Simpson College,College 4 Year Private,1,exact,100.0,Simpson College,154350,Simpson College,ipeds_names_reference.csv,no,high_confidence,thin,41.4,4688.0,1009.0,no
South Dakota School of Mines & Technology,College 4 Year Public,1,exact,100.0,South Dakota School of Mines & Technology,219347,South Dakota School of Mines and Technology,ipeds_names_reference.csv,no,,,,,,no
Southern Illinois University - Carbondale - College of Business & Analytics,College 4 Year Public,1,fuzzy,100.0,Southern Illinois University,149231,Southern Illinois University Edwardsville,ipeds_names_reference.csv,no,,,,,,no
Southern Methodist University - Hegi Family Career Development Center,College 4 Year Private,1,exact,100.0,Southern Methodist University,228246,Southern Methodist University,ipeds_names_reference.csv,no,high_confidence,strong,82.3,25403.0,8387.0,no
Southern Utah University,College 4 Year Public,1,exact,100.0,Southern Utah University,230603,Southern Utah University,ipeds_names_reference.csv,no,high_confidence,usable,66.2,12699.0,5121.0,no
Spelman College,College 4 Year Private,1,exact,100.0,Spelman College,141060,Spelman College,ipeds_names_reference.csv,no,high_confidence,usable,58.7,9068.0,2826.0,no
Spring Hill College,College 4 Year Private,1,exact,100.0,Spring Hill College,102234,Spring Hill College,ipeds_names_reference.csv,no,high_confidence,thin,37.6,3390.0,891.0,no
Springfield Technical Community College,College 2 Year Public,1,exact,100.0,Springfield Technical Community College,167905,Springfield Technical Community College,ipeds_names_reference.csv,no,,,,,,no
St. Bonaventure University,College 4 Year Private,1,exact,100.0,St. Bonaventure University,195164,St Bonaventure University,ipeds_names_reference.csv,no,high_confidence,thin,43.7,5947.0,1648.0,no
St. Catherine University,College 4 Year Private,1,exact,100.0,St. Catherine University,175005,St Catherine University,ipeds_names_reference.csv,no,high_confidence,thin,41.4,6536.0,1760.0,no
St. Charles Community College,College 2 Year Public,1,exact,100.0,St. Charles Community College,262031,St Charles Community College,ipeds_names_reference.csv,no,,,,,,no
St. Lawrence University,College 4 Year Private,1,exact,100.0,St. Lawrence University,195216,St Lawrence University,ipeds_names_reference.csv,no,high_confidence,thin,53.7,9482.0,2659.0,no
Stanford University,College 4 Year Private,1,exact,100.0,Stanford University,243744,Stanford University,ipeds_names_reference.csv,yes,high_confidence,strong,84.1,38664.0,11437.0,no
State Fair Community College,College 2 Year Public,1,exact,100.0,State Fair Community College,179539,State Fair Community College,ipeds_names_reference.csv,no,,,,,,no
Stockton University,College 4 Year Public,1,exact,100.0,Stockton University,186876,Stockton University,ipeds_names_reference.csv,no,high_confidence,strong,78.8,21743.0,6951.0,no
Susquehanna University,College 4 Year Private,1,exact,100.0,Susquehanna University,216278,Susquehanna University,ipeds_names_reference.csv,no,high_confidence,thin,54.7,8151.0,2579.0,no
Sweet Briar College,College 4 Year Private,1,exact,100.0,Sweet Briar College,233718,Sweet Briar College,ipeds_names_reference.csv,no,high_confidence,avoid,32.3,1731.0,381.0,no
Syracuse University - College of Visual and Performing Arts,College 4 Year Private,1,exact,100.0,Syracuse University,196413,Syracuse University,ipeds_names_reference.csv,no,high_confidence,strong,87.6,54676.0,16992.0,no
Syracuse University - L.C. Smith College of Engineering and Computer Science,College 4 Year Private,1,exact,100.0,Syracuse University,196413,Syracuse University,ipeds_names_reference.csv,no,high_confidence,strong,87.6,54676.0,16992.0,no
Syracuse University - Martin J. Whitman School of Management,College 4 Year Private,1,exact,100.0,Syracuse University,196413,Syracuse University,ipeds_names_reference.csv,no,high_confidence,strong,87.6,54676.0,16992.0,no
Syracuse University - The College of Arts & Sciences,College 4 Year Private,1,exact,100.0,Syracuse University,196413,Syracuse University,ipeds_names_reference.csv,no,high_confidence,strong,87.6,54676.0,16992.0,no
Temple University - Japan Campus,College 4 Year Public,1,exact,100.0,Temple University,216339,Temple University,ipeds_names_reference.csv,yes,high_confidence,strong,89.6,91140.0,28826.0,no
Texas A&M University - Career Center,College 4 Year Public,1,exact,100.0,Texas A&M University,228723,Texas A&M University-College Station,revelio_ipeds_institution_mapping.csv,yes,high_confidence,strong,90.1,175162.0,63911.0,no
Texas A&M University - San Antonio,College 4 Year Public,1,exact,100.0,Texas A&M University - San Antonio,459949,Texas A&M University-San Antonio,ipeds_names_reference.csv,no,,,,,,no
Texas State Technical College - North Texas,College 2 Year Public,1,exact,100.0,Texas State Technical College,487320,Texas State Technical College,ipeds_names_reference.csv,no,,,,,,no
Texas Wesleyan University,College 4 Year Private,1,exact,100.0,Texas Wesleyan University,229160,Texas Wesleyan University,ipeds_names_reference.csv,no,,,,,,no
"The Atlanta University Center Consortium, Inc.",College 4 Year Private,1,exact,100.0,"The Atlanta University Center Consortium, Inc.",241216,Atlantic University,nace_school_candidates_matched.csv,no,,,,,,no
The City University of New York - School of Professional Studies,College 4 Year Public,1,exact,100.0,The City University of New York,190035,CUNY System Office,nace_school_candidates_matched.csv,no,high_confidence,thin,42.6,17777.0,7005.0,no
The George Washington University - F. David Fowler Career Center,College 4 Year Private,1,exact,100.0,The George Washington University,131469,George Washington University,ipeds_names_reference.csv,no,high_confidence,strong,84.8,46597.0,15027.0,no
The Ohio State University,College 4 Year Public,1,exact,100.0,The Ohio State University,204796,Ohio State University-Main Campus,revelio_ipeds_institution_mapping.csv,yes,high_confidence,strong,90.2,158542.0,51776.0,no
The Ohio State University - College of Arts and Sciences,College 4 Year Public,1,exact,100.0,The Ohio State University,204796,Ohio State University-Main Campus,revelio_ipeds_institution_mapping.csv,yes,high_confidence,strong,90.2,158542.0,51776.0,no
The Ohio State University-Buckeye Careers,College 4 Year Public,1,exact,100.0,The Ohio State University-Buckeye Careers,204796,Ohio State University-Main Campus,nace_school_candidates_matched.csv,yes,high_confidence,strong,90.2,158542.0,51776.0,no
The University of Alabama - Culverhouse OUIP,College 4 Year Public,1,exact,100.0,The University of Alabama,100751,The University of Alabama,ipeds_names_reference.csv,yes,high_confidence,strong,90.9,83138.0,30613.0,no
The University of Arizona - Science Career Center,College 4 Year Public,1,exact,100.0,The University of Arizona,104179,University of Arizona,ipeds_names_reference.csv,yes,high_confidence,strong,89.6,184762.0,58285.0,no
The University of Iowa - College of Engineering,College 4 Year Public,1,exact,100.0,The University of Iowa,153658,University of Iowa,ipeds_names_reference.csv,yes,high_confidence,strong,89.3,65134.0,20638.0,no
The University of Memphis – QEP Team,College 4 Year Public,1,fuzzy,100.0,The University of Memphis – QEP Team,220862,University of Memphis,ipeds_names_reference.csv,no,high_confidence,strong,85.1,33805.0,9736.0,no
The University of North Carolina at Asheville,College 4 Year Public,1,exact,100.0,The University of North Carolina at Asheville,199111,University of North Carolina Asheville,nace_school_candidates_matched.csv,no,high_confidence,thin,53.8,9403.0,2498.0,no
The University of South Dakota,College 4 Year Public,1,exact,100.0,The University of South Dakota,219471,University of South Dakota,ipeds_names_reference.csv,no,high_confidence,thin,53.0,10469.0,3129.0,no
The University of Southern Mississippi,College 4 Year Public,1,exact,100.0,The University of Southern Mississippi,176372,University of Southern Mississippi,ipeds_names_reference.csv,no,high_confidence,strong,82.7,26682.0,7844.0,no
The University of Tennessee at Chattanooga - College of Business,College 4 Year Public,1,exact,100.0,The University of Tennessee at Chattanooga,221740,The University of Tennessee-Chattanooga,revelio_ipeds_institution_mapping.csv,no,high_confidence,strong,81.4,22205.0,7492.0,no
The University of Tennessee at Martin,College 4 Year Public,1,exact,100.0,The University of Tennessee at Martin,221768,The University of Tennessee-Martin,revelio_ipeds_institution_mapping.csv,no,review,review_match,51.2,9435.0,2217.0,yes
The University of Texas - School of Public Health San Antonio,College 4 Year Public,1,fuzzy,100.0,The University of Texas,229300,The University of Texas Health Science Center at Houston,ipeds_names_reference.csv,no,,,,,,no
The University of Texas at Austin - College of Fine Arts,College 4 Year Public,1,exact,100.0,The University of Texas at Austin,228778,The University of Texas at Austin,ipeds_names_reference.csv,yes,high_confidence,strong,89.2,153775.0,49745.0,no
The University of Texas at Austin - Red McCombs School of Business,College 4 Year Public,1,exact,100.0,The University of Texas at Austin,228778,The University of Texas at Austin,ipeds_names_reference.csv,yes,high_confidence,strong,89.2,153775.0,49745.0,no
The University of Texas at Dallas - Career Center,College 4 Year Public,1,exact,100.0,The University of Texas at Dallas,228787,The University of Texas at Dallas,ipeds_names_reference.csv,no,review,review_match,88.3,53013.0,24783.0,yes
The University of Texas at El Paso,College 4 Year Public,1,exact,100.0,The University of Texas at El Paso,228796,The University of Texas at El Paso,ipeds_names_reference.csv,no,high_confidence,strong,87.8,29914.0,10122.0,no
The University of Texas at Tyler,College 4 Year Public,1,exact,100.0,The University of Texas at Tyler,228802,The University of Texas at Tyler,ipeds_names_reference.csv,no,high_confidence,usable,68.8,15684.0,5423.0,no
The University of Toledo - John B. and Lillian E. Neff College of Business and Innovation,College 4 Year Public,1,exact,100.0,The University of Toledo,206084,University of Toledo,ipeds_names_reference.csv,no,high_confidence,strong,86.5,34974.0,9644.0,no
Thomas Edison State University,College 4 Year Public,1,exact,100.0,Thomas Edison State University,187046,Thomas Edison State University,ipeds_names_reference.csv,no,high_confidence,usable,71.2,20665.0,6008.0,no
Tidewater Community College,College 2 Year Public,1,exact,100.0,Tidewater Community College,233772,Tidewater Community College,ipeds_names_reference.csv,no,,,,,,no
Towson University,College 4 Year Public,1,exact,100.0,Towson University,164076,Towson University,ipeds_names_reference.csv,yes,high_confidence,strong,91.3,54721.0,16433.0,no
University at Albany - SUNY - School of Business,College 4 Year Public,1,exact,100.0,University at Albany,196060,University at Albany,ipeds_names_reference.csv,no,high_confidence,avoid,0.0,0.0,0.0,no
University of Alaska Fairbanks,College 4 Year Public,1,exact,100.0,University of Alaska Fairbanks,102614,University of Alaska Fairbanks,ipeds_names_reference.csv,no,,,,,,no
University of Arizona - Computer Science,College 4 Year Public,1,exact,100.0,University of Arizona,104179,University of Arizona,ipeds_names_reference.csv,yes,high_confidence,strong,89.6,184762.0,58285.0,no
University of Arkansas - Fayetteville,College 4 Year Public,1,exact,100.0,University of Arkansas,106397,University of Arkansas,ipeds_names_reference.csv,no,,,,,,no
University of California - Berkeley - College of Engineering,College 4 Year Public,1,exact,100.0,University of California Berkeley,110635,University of California-Berkeley,ipeds_names_reference.csv,yes,high_confidence,strong,87.8,134138.0,45886.0,no
University of California - Berkeley - MaCSS,College 4 Year Public,1,exact,100.0,University of California Berkeley,110635,University of California-Berkeley,ipeds_names_reference.csv,yes,high_confidence,strong,87.8,134138.0,45886.0,no
University of California - Davis,College 4 Year Public,1,exact,100.0,University of California - Davis,110644,University of California-Davis,ipeds_names_reference.csv,yes,high_confidence,strong,90.2,101735.0,33846.0,no
University of California - Office of the President,College 4 Year Public,1,fuzzy,100.0,University of California,117672,Southern California University of Health Sciences,ipeds_names_reference.csv,no,,,,,,no
University of California - San Diego,College 4 Year Public,1,exact,100.0,University of California - San Diego,110680,University of California-San Diego,ipeds_names_reference.csv,yes,high_confidence,strong,90.5,103583.0,39283.0,no
University of California - Santa Barbara - Bren School of Environmental Science & Management,College 4 Year Public,1,exact,100.0,University of California Santa Barbara,110705,University of California-Santa Barbara,ipeds_names_reference.csv,no,,,,,,no
University of Central Florida,College 4 Year Public,1,exact,100.0,University of Central Florida,132903,University of Central Florida,ipeds_names_reference.csv,yes,high_confidence,strong,91.9,175897.0,63411.0,no
University of Central Missouri,College 4 Year Public,1,exact,100.0,University of Central Missouri,176965,University of Central Missouri,ipeds_names_reference.csv,no,,,,,,no
University of Colorado - Colorado Springs,College 4 Year Public,1,exact,100.0,University of Colorado - Colorado Springs,126580,University of Colorado Colorado Springs,ipeds_names_reference.csv,no,high_confidence,strong,75.4,20152.0,6939.0,no
University of Denver - Josef Korbel School,College 4 Year Private,1,exact,100.0,University of Denver,127060,University of Denver,ipeds_names_reference.csv,no,high_confidence,usable,74.2,21549.0,7010.0,no
University of Detroit Mercy,College 4 Year Private,1,exact,100.0,University of Detroit Mercy,169716,University of Detroit Mercy,ipeds_names_reference.csv,no,high_confidence,thin,43.2,7133.0,2063.0,no
University of Florida,College 4 Year Public,1,exact,100.0,University of Florida,134130,University of Florida,ipeds_names_reference.csv,yes,high_confidence,strong,89.0,139813.0,47716.0,no
University of Florida - Student Engagement,College 4 Year Public,1,exact,100.0,University of Florida,134130,University of Florida,ipeds_names_reference.csv,yes,high_confidence,strong,89.0,139813.0,47716.0,no
University of Hawaii System,College 4 Year Public,1,exact,100.0,University of Hawaii System,141963,University of Hawaii System Office,nace_school_candidates_matched.csv,no,high_confidence,avoid,0.0,0.0,0.0,no
University of Houston - Cullen College of Engineering,College 4 Year Public,1,exact,100.0,University of Houston,225511,University of Houston,ipeds_names_reference.csv,yes,high_confidence,strong,89.1,106252.0,39449.0,no
"University of Houston - Institute for Global Engagement (Houston, TX)",College 4 Year Public,1,exact,100.0,University of Houston,225511,University of Houston,ipeds_names_reference.csv,yes,high_confidence,strong,89.1,106252.0,39449.0,no
University of Houston - University Career Services,College 4 Year Public,1,exact,100.0,University of Houston,225511,University of Houston,ipeds_names_reference.csv,yes,high_confidence,strong,89.1,106252.0,39449.0,no
University of Idaho,College 4 Year Public,1,exact,100.0,University of Idaho,142285,University of Idaho,ipeds_names_reference.csv,no,high_confidence,usable,74.7,20106.0,5050.0,no
University of Illinois at Chicago - College of Engineering,College 4 Year Public,1,exact,100.0,University of Illinois at Chicago,145600,University of Illinois Chicago,revelio_ipeds_institution_mapping.csv,no,high_confidence,strong,87.8,59046.0,22069.0,no
University of Illinois at Urbana-Champaign - Gies College of Business,College 4 Year Public,1,exact,100.0,University of Illinois at Urbana-Champaign,145637,University of Illinois Urbana-Champaign,revelio_ipeds_institution_mapping.csv,no,high_confidence,strong,88.8,124476.0,40156.0,no
University of Iowa - Pomerantz Career Center,College 4 Year Public,1,exact,100.0,University of Iowa,153658,University of Iowa,ipeds_names_reference.csv,yes,high_confidence,strong,89.3,65134.0,20638.0,no
University of Iowa - Tippie Career Services,College 4 Year Public,1,exact,100.0,University of Iowa,153658,University of Iowa,ipeds_names_reference.csv,yes,high_confidence,strong,89.3,65134.0,20638.0,no
University of Louisville - College of Business,College 4 Year Public,1,exact,100.0,University of Louisville,157289,University of Louisville,ipeds_names_reference.csv,no,high_confidence,strong,88.5,36327.0,11508.0,no
University of Mary,College 4 Year Private,1,exact,100.0,University of Mary,200217,University of Mary,ipeds_names_reference.csv,no,high_confidence,thin,37.0,4067.0,1232.0,no
University of Maryland - College Park - Feller Center - College of Behavioral and Social Sciences,College 4 Year Public,1,exact,100.0,University of Maryland,163286,University of Maryland-College Park,revelio_ipeds_institution_mapping.csv,no,,,,,,no
University of Maryland - QUEST Honors Program,College 4 Year Public,1,exact,100.0,University of Maryland,163286,University of Maryland-College Park,revelio_ipeds_institution_mapping.csv,no,,,,,,no
University of Massachusetts - Amherst - College of Humanities and Fine Arts,College 4 Year Public,1,exact,100.0,University of Massachusetts,166513,University of Massachusetts-Lowell,nace_school_candidates_matched.csv,no,review,review_match,89.3,33103.0,12620.0,yes
University of Massachusetts - Boston,College 4 Year Public,1,exact,100.0,University of Massachusetts - Boston,166638,University of Massachusetts-Boston,ipeds_names_reference.csv,no,,,,,,no
University of Michigan,College 4 Year Public,1,exact,100.0,University of Michigan,170976,University of Michigan-Ann Arbor,revelio_ipeds_institution_mapping.csv,yes,,,,,,no
University of Michigan - Athletics,College 4 Year Public,1,exact,100.0,University of Michigan,170976,University of Michigan-Ann Arbor,revelio_ipeds_institution_mapping.csv,yes,,,,,,no
University of Michigan - Biomedical Engineering,College 4 Year Public,1,exact,100.0,University of Michigan,170976,University of Michigan-Ann Arbor,revelio_ipeds_institution_mapping.csv,yes,,,,,,no
University of Michigan - Dearborn,College 4 Year Public,1,exact,100.0,University of Michigan - Dearborn,171137,University of Michigan-Dearborn,ipeds_names_reference.csv,no,,,,,,no
University of Michigan - Ford School of Public Policy,College 4 Year Public,1,exact,100.0,University of Michigan,170976,University of Michigan-Ann Arbor,revelio_ipeds_institution_mapping.csv,yes,,,,,,no
University of Michigan - School of Education,College 4 Year Public,1,exact,100.0,University of Michigan,170976,University of Michigan-Ann Arbor,revelio_ipeds_institution_mapping.csv,yes,,,,,,no
University of Minnesota - Duluth,College 4 Year Public,1,exact,100.0,University of Minnesota - Duluth,174233,University of Minnesota-Duluth,ipeds_names_reference.csv,no,review,review_match,88.7,128442.0,37963.0,yes
University of Minnesota - Morris,College 4 Year Public,1,exact,100.0,University of Minnesota - Morris,174251,University of Minnesota-Morris,ipeds_names_reference.csv,no,,,,,,no
University of Mississippi,College 4 Year Public,1,exact,100.0,University of Mississippi,176017,University of Mississippi,ipeds_names_reference.csv,yes,high_confidence,strong,91.0,44038.0,15112.0,no
University of Nebraska at Kearney - College of Business & Technology,College 4 Year Public,1,exact,100.0,University of Nebraska at Kearney,181215,University of Nebraska at Kearney,ipeds_names_reference.csv,no,review,review_match,49.3,8596.0,2400.0,yes
University of Nebraska at Omaha - College of Business Administration,College 4 Year Public,1,exact,100.0,University of Nebraska at Omaha,181394,University of Nebraska at Omaha,ipeds_names_reference.csv,no,high_confidence,strong,82.1,26386.0,8360.0,no
University of Nebraska at Omaha – Academic & Career Development Center,College 4 Year Public,1,fuzzy,100.0,University of Nebraska at Omaha – Academic & Career Development Center,181394,University of Nebraska at Omaha,ipeds_names_reference.csv,no,high_confidence,strong,82.1,26386.0,8360.0,no
University of Nevada - Reno - College of Engineering,College 4 Year Public,1,exact,100.0,University of Nevada,182290,University of Nevada-Reno,nace_school_candidates_matched.csv,no,review,review_match,90.8,36965.0,12695.0,yes
University of New Mexico,College 4 Year Public,1,exact,100.0,University of New Mexico,187985,University of New Mexico-Main Campus,revelio_ipeds_institution_mapping.csv,no,,,,,,no
University of North Alabama,College 4 Year Public,1,exact,100.0,University of North Alabama,101879,University of North Alabama,ipeds_names_reference.csv,no,high_confidence,usable,55.8,10664.0,3417.0,no
University of North Florida - Student Accessibility Center,College 4 Year Public,1,exact,100.0,University of North Florida,136172,University of North Florida,ipeds_names_reference.csv,yes,high_confidence,strong,91.1,42281.0,13392.0,no
University of North Georgia,College 4 Year Public,1,exact,100.0,University of North Georgia,482680,University of North Georgia,ipeds_names_reference.csv,no,high_confidence,avoid,0.0,0.0,0.0,no
University of North Texas at Dallas,College 4 Year Public,1,exact,100.0,University of North Texas at Dallas,484905,University of North Texas at Dallas,ipeds_names_reference.csv,no,high_confidence,thin,42.3,4117.0,2494.0,no
University of North Texas at Dallas - Center for Socioeconomic Mobility through Education,College 4 Year Public,1,exact,100.0,University of North Texas at Dallas,484905,University of North Texas at Dallas,ipeds_names_reference.csv,no,high_confidence,thin,42.3,4117.0,2494.0,no
University of Northern Colorado-Center for Human Enrichment,College 4 Year Public,1,exact,100.0,University of Northern Colorado-Center for Human Enrichment,127741,University of Northern Colorado,nace_school_candidates_matched.csv,no,high_confidence,usable,71.4,20793.0,4678.0,no
University of Oregon,College 4 Year Public,1,exact,100.0,University of Oregon,209551,University of Oregon,ipeds_names_reference.csv,yes,high_confidence,strong,90.6,62160.0,18063.0,no
University of Pennsylvania,College 4 Year Private,1,exact,100.0,University of Pennsylvania,215062,University of Pennsylvania,ipeds_names_reference.csv,yes,,,,,,no
University of Pittsburgh at Bradford,College 4 Year Public,1,exact,100.0,University of Pittsburgh at Bradford,215266,University of Pittsburgh-Bradford,nace_school_candidates_matched.csv,no,review,review_match,0.0,0.0,0.0,yes
University of Portland,College 4 Year Private,1,exact,100.0,University of Portland,209825,University of Portland,ipeds_names_reference.csv,no,high_confidence,usable,60.6,11635.0,3582.0,no
University of Richmond - Alumni & Career Services,College 4 Year Private,1,exact,100.0,University of Richmond,233374,University of Richmond,ipeds_names_reference.csv,no,high_confidence,usable,66.2,14412.0,4340.0,no
University of Rochester - The Gwen M. Greene Center for Career Education and Connections,College 4 Year Private,1,exact,100.0,University of Rochester,195030,University of Rochester,ipeds_names_reference.csv,no,high_confidence,strong,78.2,23134.0,7688.0,no
University of San Francisco - School of  Management,College 4 Year Private,1,exact,100.0,University of San Francisco,122612,University of San Francisco,ipeds_names_reference.csv,no,high_confidence,strong,78.0,24836.0,7739.0,no
University of South Alabama,College 4 Year Public,1,exact,100.0,University of South Alabama,102094,University of South Alabama,ipeds_names_reference.csv,no,,,,,,no
University of South Florida - Tampa,College 4 Year Public,1,exact,100.0,University of South Florida,137351,University of South Florida,ipeds_names_reference.csv,no,,,,,,no
University of Southern California - Career Center,College 4 Year Private,1,exact,100.0,University of Southern California,123961,University of Southern California,ipeds_names_reference.csv,yes,high_confidence,strong,85.2,89402.0,30307.0,no
University of St Andrews,College 4 Year Public,1,exact,100.0,University of St Andrews,199698,St. Andrews University,revelio_ipeds_institution_mapping.csv,no,,,,,,no
University of Virginia,College 4 Year Public,1,exact,100.0,University of Virginia,234076,University of Virginia-Main Campus,revelio_ipeds_institution_mapping.csv,yes,high_confidence,strong,88.1,65615.0,22206.0,no
University of Washington - Career Center,College 4 Year Public,1,exact,100.0,University of Washington,236948,University of Washington-Seattle Campus,revelio_ipeds_institution_mapping.csv,yes,,,,,,no
University of Wisconsin - Madison - College of Engineering,College 4 Year Public,1,fuzzy,100.0,University of Wisconsin,240268,University of Wisconsin-Eau Claire,ipeds_names_reference.csv,no,,,,,,no
University of Wisconsin - Madison - School of Business,College 4 Year Public,1,fuzzy,100.0,University of Wisconsin,240268,University of Wisconsin-Eau Claire,ipeds_names_reference.csv,no,,,,,,no
University of Wisconsin - Madison - School of Education,College 4 Year Public,1,fuzzy,100.0,University of Wisconsin,240268,University of Wisconsin-Eau Claire,ipeds_names_reference.csv,no,,,,,,no
University of Wisconsin - Madison - School of Public Affairs,College 4 Year Public,1,fuzzy,100.0,University of Wisconsin,240268,University of Wisconsin-Eau Claire,ipeds_names_reference.csv,no,,,,,,no
University of Wisconsin - Madison - The Information School,College 4 Year Public,1,fuzzy,100.0,University of Wisconsin,240268,University of Wisconsin-Eau Claire,ipeds_names_reference.csv,no,,,,,,no
University of Wisconsin - Platteville,College 4 Year Public,1,exact,100.0,University of Wisconsin - Platteville,240462,University of Wisconsin-Platteville,ipeds_names_reference.csv,no,high_confidence,usable,67.8,15007.0,4122.0,no
University of the Cumberlands,College 4 Year Private,1,exact,100.0,University of the Cumberlands,156541,University of the Cumberlands,ipeds_names_reference.csv,no,high_confidence,thin,39.1,4459.0,2436.0,no
University of the Pacific,College 4 Year Private,1,exact,100.0,University of the Pacific,120883,University of the Pacific,ipeds_names_reference.csv,no,high_confidence,usable,66.6,17200.0,4747.0,no
Utah Tech University,College 4 Year Public,1,exact,100.0,Utah Tech University,230171,Utah Tech University,ipeds_names_reference.csv,no,review,review_match,52.8,7392.0,3559.0,yes
Valencia College,College 4 Year Public,1,exact,100.0,Valencia College,138187,Valencia College,ipeds_names_reference.csv,no,high_confidence,thin,44.1,5398.0,3988.0,no
Vanguard University,College 4 Year Private,1,exact,100.0,Vanguard University,123651,Vanguard University of Southern California,nace_school_candidates_matched.csv,no,high_confidence,thin,42.1,6006.0,1454.0,no
Virginia Tech - College of Liberal Arts and Human Science,College 4 Year Public,1,exact,100.0,Virginia Tech - College of Liberal Arts and Human Science,233921,Virginia Polytechnic Institute and State University,nace_school_candidates_matched.csv,no,review,review_match,0.0,0.0,0.0,yes
Voorhees University,College 4 Year Private,1,exact,100.0,Voorhees University,218919,Voorhees University,ipeds_names_reference.csv,no,high_confidence,avoid,26.7,1038.0,267.0,no
Wake Forest University - OPCD,College 4 Year Private,1,exact,100.0,Wake Forest University,199847,Wake Forest University,ipeds_names_reference.csv,no,high_confidence,strong,75.6,20385.0,6786.0,no
Wake Forest University - Office of Personal & Career Development,College 4 Year Private,1,exact,100.0,Wake Forest University,199847,Wake Forest University,ipeds_names_reference.csv,no,high_confidence,strong,75.6,20385.0,6786.0,no
Washington State University - Carson College of Business,College 4 Year Public,1,exact,100.0,Washington State University,236939,Washington State University,ipeds_names_reference.csv,yes,high_confidence,strong,91.3,68591.0,22227.0,no
Washington University in St. Louis,College 4 Year Private,1,exact,100.0,Washington University in St. Louis,179867,Washington University in St Louis,ipeds_names_reference.csv,no,high_confidence,strong,86.4,30220.0,10254.0,no
Washtenaw Community College,College 2 Year Public,1,exact,100.0,Washtenaw Community College,172617,Washtenaw Community College,ipeds_names_reference.csv,no,,,,,,no
Weber State University,College 4 Year Public,1,exact,100.0,Weber State University,230782,Weber State University,ipeds_names_reference.csv,no,,,,,,no
West Virginia University - Brad and Alys Smith Outdoor Economic Development Collaborative,College 4 Year Public,1,exact,100.0,West Virginia University,238032,West Virginia University,ipeds_names_reference.csv,yes,high_confidence,strong,89.9,56584.0,16855.0,no
West Virginia University at Parkersburg,College 4 Year Public,1,exact,100.0,West Virginia University at Parkersburg,237686,West Virginia University at Parkersburg,ipeds_names_reference.csv,no,high_confidence,avoid,20.7,1343.0,347.0,no
Western New England University - College of Arts and Sciences,College 4 Year Private,1,exact,100.0,Western New England University,168254,Western New England University,ipeds_names_reference.csv,no,,,,,,no
Westminster College - Pennsylvania,College 4 Year Private,1,exact,100.0,Westminster College,179946,Westminster College,ipeds_names_reference.csv,no,review,review_match,44.1,6215.0,1342.0,yes
Willamette University,College 4 Year Private,1,exact,100.0,Willamette University,210401,Willamette University,ipeds_names_reference.csv,no,high_confidence,thin,46.2,7731.0,1792.0,no
Wilson College,College 4 Year Private,1,exact,100.0,Wilson College,217013,Wilson College,ipeds_names_reference.csv,no,,,,,,no
Yale University - Office of Career Strategy,College 4 Year Private,1,exact,100.0,Yale University,130794,Yale University,ipeds_names_reference.csv,yes,high_confidence,strong,81.9,26486.0,8466.0,no
York College - ACE,College 4 Year Public,1,exact,100.0,York College,190691,CUNY York College,nace_school_candidates_matched.csv,no,high_confidence,thin,45.0,5111.0,1810.0,no
Young Harris College,College 4 Year Private,1,exact,100.0,Young Harris College,141361,Young Harris College,ipeds_names_reference.csv,no,high_confidence,avoid,29.1,1535.0,537.0,no
CT State Community College - Housatonic,College 2 Year Public,1,fuzzy,93.9,CT State Community College,102429,Bevill State Community College,ipeds_names_reference.csv,no,,,,,,no
Mississippi Christian University,College 4 Year Private,1,fuzzy,93.6,Mississippi Christian University,176017,University of Mississippi,ipeds_names_reference.csv,yes,high_confidence,strong,91.0,44038.0,15112.0,no
Maryville University of St. Louis,College 4 Year Private,1,fuzzy,91.4,Maryville University of St. Louis,178059,Maryville University of Saint Louis,ipeds_names_reference.csv,no,,,,,,no
Eastern Iowa Community Colleges,College 2 Year Public,1,fuzzy,91.2,Eastern Iowa Community Colleges,145707,Illinois Eastern Community Colleges,ipeds_names_reference.csv,no,,,,,,no
Harper College,College 2 Year Public,1,fuzzy,89.7,Harper College,102845,Charter College,ipeds_names_reference.csv,no,,,,,,yes
Salt Lake Community College-Fashion & Design,College 2 Year Public,1,fuzzy,88.0,Salt Lake Community College-Fashion & Design,117195,Lake Tahoe Community College,ipeds_names_reference.csv,no,,,,,,yes
Metropolitan Community College - Penn Valley,College 2 Year Public,1,fuzzy,87.3,Metropolitan Community College - Penn Valley,191719,Hudson Valley Community College,ipeds_names_reference.csv,no,,,,,,yes
MassBay Community College,College 2 Year Public,1,fuzzy,87.2,MassBay Community College,126207,Aims Community College,ipeds_names_reference.csv,no,,,,,,yes
Northampton Community College - Foundation,College 2 Year Public,1,fuzzy,87.2,Northampton Community College - Foundation,126207,Aims Community College,ipeds_names_reference.csv,no,,,,,,yes
Allen Institute,College Other,1,fuzzy,85.7,Allen Institute,446525,SAE Institute of Technology-Nashville,revelio_ipeds_institution_mapping.csv,no,,,,,,yes
University of Toronto,College 4 Year Public,1,fuzzy,85.7,University of Toronto,231174,University of Vermont,ipeds_names_reference.csv,yes,high_confidence,strong,91.3,35290.0,11213.0,yes
Newcomb - Tulane College,College 4 Year Private,1,fuzzy,77.8,Newcomb - Tulane College,449728,ATA College,ipeds_names_reference.csv,no,,,,,,yes
Merit America,College Other,1,fuzzy,70.6,Merit America,475237,The University of America,ipeds_names_reference.csv,no,,,,,,yes
Year to Career,College Other,1,unmatched,0.0,,,,,no,,,,,,yes
