unitid,ipeds_name,run_rank,total_attendees,selection_tier,readiness_num,bachelor_users_2005_2025,recent_bachelor_users_2020_2025,school_name,people_any_degree,bachelors_people,bachelors_2005_2025,bachelors_2020_2025,avg_calibration_weight,max_calibration_weight,named_employer_row_pct,unknown_employer_row_pct,same_school_employer_row_pct,career_employer_row_pct,salary_row_pct,overview_rows,bachelors_horizons,overview_salary_obs_pct,role_rows,employer_rows,geography_rows,quality_rows,quality_named_employer_pct,quality_unknown_employer_pct,quality_same_school_employer_pct,quality_career_employer_pct,quality_salary_obs_pct,suppressed_or_thin_major_rows,recommendation,render_recommendation
214777,Pennsylvania State University-Main Campus,3,17,avoid,0.0,0.0,0.0,Pennsylvania State University-Main Campus,213024,167492,167492,46307,1.21,4.0,0.899,0.101,0.0,0.882,0.699,297,3,1.169,299308,349222,105940,8165,87.197,12.822,0.018,87.167,93.622,1810.0,enable,enable
167358,Northeastern University,6,11,strong,86.5,80730.0,30818.0,Northeastern University,140528,71130,71130,22497,1.39,4.0,0.894,0.106,0.003,0.871,0.453,300,3,1.346,236308,249909,103538,10425,86.06,13.89,0.256,85.805,94.006,2331.0,enable,enable
126775,Colorado School of Mines,8,10,usable,72.8,16537.0,6224.0,Colorado School of Mines,19743,14383,14383,4735,1.25,4.0,0.935,0.065,0.055,0.865,0.586,186,3,1.157,41892,46400,23515,3009,92.738,7.274,6.337,86.631,93.594,795.0,enable,enable
163286,University of Maryland-College Park,9,10,,,,,University of Maryland-College Park,114960,74684,74684,27624,1.96,4.0,0.879,0.121,0.026,0.837,0.544,298,3,1.847,252216,250671,108581,11571,86.506,13.588,3.288,83.245,93.809,2930.0,enable,enable
183026,Southern New Hampshire University,10,9,strong,88.2,128026.0,88898.0,Southern New Hampshire University,178229,111893,111893,75837,1.44,4.0,0.842,0.158,0.013,0.806,0.481,209,3,1.186,276691,289535,107247,4945,81.323,18.653,1.792,79.556,91.656,1509.0,enable,enable
180489,The University of Montana,11,9,usable,62.1,16756.0,3474.0,The University of Montana,20393,13621,13621,2561,1.84,4.0,0.791,0.209,0.002,0.77,0.595,298,3,1.868,59785,55789,29634,6173,78.077,21.924,0.097,77.977,94.2,2560.0,enable,enable
207500,University of Oklahoma-Norman Campus,14,8,strong,89.0,59387.0,18319.0,University of Oklahoma-Norman Campus,69720,48383,48383,13140,1.66,4.0,0.865,0.135,0.0,0.847,0.597,288,3,1.606,172185,171607,78205,9994,84.768,15.291,0.026,84.741,93.97,3363.0,enable,enable
135726,University of Miami,16,8,strong,87.6,46888.0,15026.0,University of Miami,47113,33312,33312,8549,1.61,4.0,0.842,0.158,0.045,0.778,0.622,293,3,1.545,113686,115690,57624,8496,82.65,17.326,5.517,77.145,94.06,3162.0,enable,enable
182670,Dartmouth College,18,8,strong,76.0,19806.0,6318.0,Dartmouth College,19996,16324,16324,5053,1.54,4.0,0.915,0.085,0.031,0.872,0.742,226,3,1.44,45964,48696,25551,3863,89.538,10.275,3.338,86.085,94.169,2043.0,enable,enable
196413,Syracuse University,19,7,strong,87.6,54676.0,16992.0,Syracuse University,54763,35027,35027,7783,1.79,4.0,0.873,0.127,0.024,0.829,0.583,290,3,1.724,145925,154213,73725,9213,86.21,13.731,3.022,83.118,93.834,3215.0,enable,enable
216597,Villanova University,20,7,strong,86.3,29829.0,9458.0,Villanova University,49709,25597,25597,7030,1.54,4.0,0.932,0.068,0.021,0.892,0.434,252,3,1.462,106372,109765,48134,5067,91.361,8.589,2.611,88.708,93.813,1629.0,enable,enable
131159,American University,21,7,strong,85.9,31877.0,10291.0,American University,44656,24383,24383,6806,1.63,4.0,0.871,0.129,0.026,0.827,0.48,263,3,1.565,113314,116474,53893,6276,84.211,15.74,3.1,81.167,93.745,2173.0,enable,enable
190600,CUNY John Jay College of Criminal Justice,26,6,strong,82.3,26433.0,9700.0,CUNY John Jay College of Criminal Justice,29275,22908,22908,7589,2.15,4.0,0.848,0.152,0.0,0.825,0.674,208,3,2.078,76501,70945,17631,2183,83.668,16.263,0.011,83.657,93.47,896.0,enable,enable
227526,Prairie View A & M University,28,6,usable,72.3,15305.0,5614.0,Prairie View A & M University,16763,12840,12840,4142,1.4,4.0,0.865,0.135,0.03,0.808,0.633,206,3,1.356,42757,40523,15363,3649,85.812,14.003,3.246,82.534,93.87,1743.0,enable,enable
141060,Spelman College,29,6,usable,58.7,9068.0,2826.0,Spelman College,7618,7581,7581,2052,1.41,4.0,0.845,0.155,0.016,0.812,0.925,92,3,1.343,19436,18720,9435,1489,82.218,17.874,1.718,80.447,93.61,1233.0,enable,enable
140553,Morehouse College,30,6,usable,55.4,8355.0,2425.0,Morehouse College,7190,7125,7125,1844,1.44,4.0,0.82,0.18,0.011,0.792,0.935,122,3,1.374,19722,17795,9581,1569,80.894,19.0,1.146,79.756,93.416,1335.0,enable,enable
126678,Colorado College,31,6,thin,52.1,8643.0,2548.0,Colorado College,7657,7481,7481,1986,1.42,4.0,0.847,0.153,0.038,0.791,0.909,130,3,1.367,20269,19891,11840,1810,82.963,16.747,4.15,78.71,93.784,1546.0,enable,enable
121691,University of Redlands,32,6,thin,50.7,10949.0,2682.0,University of Redlands,15871,9529,9529,2012,1.52,4.0,0.855,0.145,0.02,0.815,0.525,182,3,1.497,52052,48129,18740,2757,83.648,16.101,2.985,80.623,94.336,1585.0,enable,enable
167783,Simmons University,33,6,thin,40.8,6881.0,1905.0,Simmons University,18753,6074,6074,1583,1.59,4.0,0.892,0.108,0.024,0.849,0.303,254,3,1.528,37719,48445,20749,3256,87.501,12.581,2.755,84.742,93.948,1636.0,enable,enable
120254,Occidental College,36,6,,,,,Occidental College,6965,6926,6926,1763,1.4,4.0,0.851,0.149,0.021,0.81,0.93,108,3,1.35,19590,19003,9666,1532,84.352,15.671,2.297,82.043,93.506,1343.0,enable,enable
206622,Xavier University,37,6,,,,,Xavier University,7660,4723,4723,1355,1.85,4.0,0.887,0.113,0.022,0.847,0.527,203,3,1.819,24496,23003,12126,2742,87.195,12.647,2.696,84.517,93.986,1549.0,enable,enable
131469,George Washington University,41,5,strong,84.8,46597.0,15027.0,George Washington University,82511,33705,33705,9679,1.65,4.0,0.894,0.106,0.023,0.855,0.348,300,3,1.573,211560,221290,101260,10222,87.581,12.438,2.435,85.113,93.755,3066.0,enable,enable
130226,Quinnipiac University,42,5,strong,79.4,22487.0,7435.0,Quinnipiac University,24080,18207,18207,5653,1.61,4.0,0.889,0.111,0.03,0.839,0.615,252,3,1.534,61087,67102,27345,3930,86.352,13.686,3.047,83.359,93.203,1886.0,enable,enable
200280,University of North Dakota,43,5,strong,78.1,20878.0,5842.0,University of North Dakota,25867,18845,18845,4838,1.7,4.0,0.885,0.115,0.002,0.866,0.644,288,3,1.678,73131,72820,37035,6243,86.33,13.364,0.151,86.168,93.835,2631.0,enable,enable
165024,Bridgewater State University,44,5,strong,75.8,20453.0,5770.0,Bridgewater State University,20974,18116,18116,4887,1.89,4.0,0.862,0.138,0.0,0.84,0.765,146,3,1.841,59689,60711,18072,3485,84.33,15.737,0.018,84.312,93.697,1825.0,enable,enable
188030,New Mexico State University-Main Campus,45,5,strong,75.6,22328.0,5722.0,New Mexico State University-Main Campus,27522,19389,19389,4390,1.62,4.0,0.835,0.165,0.055,0.76,0.591,247,3,1.623,81349,77011,44715,7072,81.132,18.855,5.76,75.242,94.084,2917.0,enable,enable
127060,University of Denver,46,5,usable,74.2,21549.0,7010.0,University of Denver,39580,15415,15415,4662,1.55,4.0,0.853,0.147,0.035,0.804,0.343,278,3,1.471,96422,94953,43258,6493,83.707,16.349,3.951,79.822,93.576,2278.0,enable,enable
237525,Marshall University,47,5,usable,61.0,14960.0,3809.0,Marshall University,19820,13241,13241,3028,1.67,4.0,0.835,0.165,0.044,0.771,0.555,258,3,1.69,63135,59482,31007,5436,82.603,17.47,4.939,77.597,93.759,2434.0,enable,enable
191630,Hobart William Smith Colleges,48,5,thin,48.9,7683.0,2068.0,Hobart William Smith Colleges,6824,6764,6764,1618,1.45,4.0,0.88,0.12,0.021,0.84,0.922,128,3,1.4,19504,19418,10019,1649,86.528,13.448,2.702,83.792,93.548,1394.0,enable,enable
145813,Illinois State University,51,5,,,,,Illinois State University,57910,50007,50007,12060,1.71,4.0,0.886,0.114,0.019,0.85,0.779,240,3,1.685,143362,153801,44816,6464,87.092,12.969,2.185,84.892,94.132,2421.0,enable,enable
146481,Lake Forest College,52,5,,,,,Lake Forest College,5172,5103,5103,1514,1.51,4.0,0.877,0.123,0.016,0.843,0.919,116,3,1.457,15055,14307,6965,1421,86.512,13.343,1.438,85.096,93.485,1220.0,enable,enable
196088,University at Buffalo,55,4,strong,88.8,66198.0,22564.0,University at Buffalo,29376,19128,19128,5306,2.39,4.0,0.866,0.134,0.0,0.847,0.566,289,3,2.343,83054,84056,38437,6505,83.764,16.212,0.043,83.722,93.989,2496.0,enable,enable
185262,Kean University,57,4,strong,87.5,29712.0,9766.0,Kean University,31165,26178,26178,7878,1.65,4.0,0.834,0.166,0.02,0.791,0.732,191,3,1.645,83060,84835,23372,4298,82.311,17.651,2.052,80.209,93.464,1729.0,enable,enable
172644,Wayne State University,58,4,strong,86.7,44025.0,16704.0,Wayne State University,59043,34686,34686,10595,1.63,4.0,0.836,0.164,0.032,0.782,0.489,299,3,1.579,150047,147515,48742,9747,80.875,19.005,3.379,77.522,93.758,3065.0,enable,enable
164988,Boston University,59,4,strong,86.4,85282.0,26810.0,Boston University,116335,62492,62492,17264,1.58,4.0,0.873,0.127,0.033,0.821,0.478,300,3,1.533,266817,286203,126057,11921,85.732,14.356,3.53,82.197,94.031,2893.0,enable,enable
200332,North Dakota State University-Main Campus,60,4,strong,79.3,23757.0,6606.0,North Dakota State University-Main Campus,27030,21491,21491,5464,1.56,4.0,0.886,0.114,0.028,0.839,0.686,281,3,1.522,78157,77834,32120,6605,86.369,13.6,3.419,82.941,93.814,3089.0,enable,enable
240727,University of Wyoming,61,4,usable,74.3,20720.0,5820.0,University of Wyoming,21177,16252,16252,3892,1.66,4.0,0.822,0.178,0.054,0.75,0.668,286,3,1.68,63940,62574,35947,6398,80.961,19.033,6.495,74.412,93.804,2974.0,enable,enable
164739,Bentley University,62,4,usable,73.6,19300.0,5967.0,Bentley University,20610,16961,16961,4742,1.45,4.0,0.925,0.075,0.017,0.873,0.72,175,3,1.405,58816,58352,21795,1864,90.209,9.735,1.239,88.971,93.756,696.0,enable,enable
135717,Miami Dade College,63,4,usable,59.7,13399.0,5771.0,Miami Dade College,70434,11488,11488,4702,1.49,4.0,0.807,0.193,0.026,0.755,0.136,193,3,1.428,90048,88588,21989,4627,74.895,25.623,1.716,73.116,93.03,894.0,enable,enable
165699,Endicott College,64,4,usable,58.8,9819.0,3592.0,Endicott College,11731,8563,8563,2825,1.44,4.0,0.868,0.132,0.021,0.822,0.626,177,3,1.369,32586,33832,15251,2310,84.604,15.296,2.691,81.831,92.612,1314.0,enable,enable
131283,The Catholic University of America,65,4,usable,55.9,11493.0,3285.0,The Catholic University of America,16261,10093,10093,2569,1.42,4.0,0.878,0.122,0.028,0.833,0.529,252,3,1.37,48029,50052,26550,4617,87.079,12.708,2.778,84.226,93.756,1833.0,enable,enable
217536,Salve Regina University,66,4,thin,45.7,6738.0,2245.0,Salve Regina University,8066,6048,6048,1848,1.47,4.0,0.87,0.13,0.021,0.825,0.62,171,3,1.422,24543,24151,12361,2192,84.773,15.216,1.719,83.081,94.031,1354.0,enable,enable
196592,Touro University,67,4,thin,45.3,9602.0,2403.0,Touro University,18079,7766,7766,1686,2.12,4.0,0.758,0.242,0.0,0.732,0.375,300,3,2.136,43903,45229,19091,3574,74.656,25.339,0.018,74.637,94.122,1155.0,enable,enable
153384,Grinnell College,68,4,thin,44.2,6498.0,2024.0,Grinnell College,5654,5640,5640,1563,1.41,4.0,0.89,0.11,0.031,0.844,0.933,71,3,1.345,15419,15644,10435,1217,85.703,14.222,3.258,82.273,94.374,1122.0,enable,enable
166629,University of Massachusetts-Amherst,72,4,,,,,University of Massachusetts-Amherst,1827,1293,1293,177,2.28,4.0,0.79,0.21,0.014,0.759,0.664,184,3,2.321,6949,6306,4360,1819,79.437,20.513,2.121,77.321,95.471,1084.0,enable,enable
184694,Fairleigh Dickinson University-Florham Campus,73,4,,,,,Fairleigh Dickinson University-Florham Campus,17059,8210,8210,2353,1.45,4.0,0.839,0.161,0.022,0.795,0.408,232,3,1.424,39268,37184,18040,3632,83.101,16.808,2.217,80.872,93.461,1583.0,enable,enable
231165,Vermont State University,75,4,,,,,Vermont State University,6332,4940,4940,1522,1.51,4.0,0.823,0.177,0.003,0.799,0.676,150,3,1.494,16341,15392,8541,2471,81.773,18.042,0.314,81.461,93.288,1387.0,enable,enable
232186,George Mason University,79,3,strong,88.2,76471.0,28701.0,George Mason University,89220,58079,58079,18823,1.68,4.0,0.876,0.124,0.025,0.836,0.551,280,3,1.605,208607,210579,72422,9279,85.367,14.596,2.463,82.942,93.66,2467.0,enable,enable
164924,Boston College,80,3,strong,88.1,41883.0,13121.0,Boston College,46064,33683,33683,9321,1.84,4.0,0.917,0.083,0.023,0.875,0.658,261,3,1.739,109790,123321,49189,5542,88.267,11.657,2.692,85.585,94.062,1597.0,enable,enable
137847,The University of Tampa,82,3,strong,86.8,25205.0,10239.0,The University of Tampa,22761,19466,19466,7580,1.45,4.0,0.852,0.148,0.021,0.81,0.745,158,3,1.355,57707,56314,26084,3313,82.817,17.068,2.391,80.399,93.17,1929.0,enable,enable
221999,Vanderbilt University,83,3,strong,85.7,28757.0,9237.0,Vanderbilt University,38047,25002,25002,7313,1.52,4.0,0.915,0.085,0.038,0.865,0.58,283,3,1.436,87419,93940,51588,7230,89.253,10.752,4.626,84.643,94.06,2316.0,enable,enable
119605,National University,84,3,strong,84.2,35810.0,11903.0,National University,94422,58600,58600,21558,0.95,4.0,0.734,0.266,0.007,0.703,0.471,245,3,1.276,131539,126969,55930,6967,71.312,28.861,0.64,70.642,93.576,2514.0,enable,enable
194824,Rensselaer Polytechnic Institute,85,3,strong,83.2,23162.0,7716.0,Rensselaer Polytechnic Institute,25321,19218,19218,5357,1.29,4.0,0.931,0.069,0.035,0.884,0.632,198,3,1.226,62639,65689,37794,4277,91.493,8.536,3.911,87.541,93.647,1287.0,enable,enable
228246,Southern Methodist University,86,3,strong,82.3,25403.0,8387.0,Southern Methodist University,38438,19892,19892,5680,1.62,4.0,0.865,0.135,0.026,0.822,0.444,280,3,1.55,102399,98781,44840,6584,84.055,15.906,2.947,81.101,94.067,2378.0,enable,enable
169910,Ferris State University,87,3,strong,81.6,26429.0,6133.0,Ferris State University,25787,21445,21445,4780,1.66,4.0,0.867,0.133,0.017,0.83,0.712,294,3,1.674,80729,79619,30708,5947,86.348,13.704,2.214,84.09,93.896,2881.0,enable,enable
156620,Eastern Kentucky University,88,3,strong,79.8,24178.0,7278.0,Eastern Kentucky University,27348,21477,21477,5976,1.66,4.0,0.84,0.16,0.032,0.783,0.662,229,3,1.665,78736,76002,35618,6077,82.76,17.262,3.28,79.452,93.972,3199.0,enable,enable
128771,Central Connecticut State University,89,3,strong,76.7,22197.0,5965.0,Central Connecticut State University,23561,19225,19225,4564,1.61,4.0,0.859,0.141,0.002,0.838,0.726,206,3,1.6,69392,65913,23065,4759,84.708,15.328,0.127,84.572,93.947,2221.0,enable,enable
133650,Florida Agricultural and Mechanical University,91,3,strong,76.4,19131.0,5407.0,Florida Agricultural and Mechanical University,21123,16408,16408,4047,1.56,4.0,0.836,0.164,0.001,0.819,0.663,300,3,1.528,60591,55972,29398,4903,83.177,16.852,0.022,83.15,94.011,2252.0,enable,enable
126580,University of Colorado Colorado Springs,92,3,strong,75.4,20152.0,6939.0,University of Colorado Colorado Springs,23288,17594,17594,5602,1.73,4.0,0.855,0.145,0.03,0.81,0.648,219,3,1.676,66189,63007,26293,3794,85.272,14.801,3.143,82.087,93.455,1613.0,enable,enable
151306,University of Southern Indiana,93,3,usable,65.1,15562.0,4164.0,University of Southern Indiana,18468,13994,13994,3461,1.7,4.0,0.859,0.141,0.018,0.818,0.688,186,3,1.714,54318,51324,19273,3622,84.734,15.169,1.59,83.094,93.763,2103.0,enable,enable
165015,Brandeis University,94,3,usable,64.0,14709.0,4505.0,Brandeis University,18990,12600,12600,3417,1.65,4.0,0.88,0.12,0.027,0.837,0.584,159,3,1.571,51093,51989,26261,4268,86.592,13.556,2.935,83.612,93.537,1563.0,enable,enable
165662,Emerson College,95,3,usable,61.9,16150.0,4972.0,Emerson College,19809,13919,13919,3783,1.49,4.0,0.786,0.214,0.014,0.752,0.647,145,3,1.412,45621,47817,20716,1785,80.294,19.784,1.522,78.725,93.421,604.0,enable,enable
171456,Northern Michigan University,97,3,usable,59.9,13533.0,3387.0,Northern Michigan University,13682,12079,12079,2715,1.53,4.0,0.829,0.171,0.027,0.781,0.785,157,3,1.537,41029,39504,20904,4659,82.481,17.581,2.834,79.619,93.937,3088.0,enable,enable
190044,Clarkson University,98,3,usable,56.1,10813.0,3020.0,Clarkson University,12350,9580,9580,2373,1.31,4.0,0.931,0.069,0.001,0.918,0.686,195,3,1.255,35329,35597,21333,2866,90.926,8.896,0.038,90.898,94.276,1236.0,enable,enable
138947,Clark Atlanta University,99,3,thin,54.9,9780.0,2858.0,Clark Atlanta University,11132,8358,8358,2213,1.51,4.0,0.796,0.204,0.012,0.767,0.674,213,3,1.479,31721,28654,14288,3012,79.757,20.368,1.387,78.34,93.814,1379.0,enable,enable
137078,St Petersburg College,100,3,thin,54.7,11424.0,4477.0,St Petersburg College,28911,10391,10391,3906,1.58,4.0,0.829,0.171,0.015,0.795,0.295,163,3,1.569,64601,59388,18597,3540,80.53,19.619,1.048,79.5,92.92,927.0,enable,enable
175856,Jackson State University,101,3,thin,54.0,11063.0,2862.0,Jackson State University,12730,9537,9537,2215,1.51,4.0,0.817,0.183,0.027,0.77,0.622,239,3,1.544,40599,35823,19198,4014,81.004,18.997,3.089,77.873,93.718,1745.0,enable,enable
151263,University of Indianapolis,102,3,thin,52.7,10033.0,2999.0,University of Indianapolis,13012,8660,8660,2407,1.63,4.0,0.855,0.145,0.029,0.803,0.57,266,3,1.627,36973,36721,16434,3610,84.226,15.743,2.96,81.259,93.389,1861.0,enable,enable
161086,Colby College,103,3,thin,52.3,8581.0,2783.0,Colby College,7477,7459,7459,2190,1.51,4.0,0.908,0.092,0.021,0.87,0.932,84,3,1.424,19611,20422,10361,1662,89.628,10.251,2.255,87.384,94.067,1517.0,enable,enable
232937,Norfolk State University,105,3,thin,51.2,9670.0,2432.0,Norfolk State University,10094,8321,8321,1857,1.57,4.0,0.831,0.169,0.027,0.786,0.727,189,3,1.585,31099,28314,14217,2877,83.205,16.819,3.185,80.071,94.018,1675.0,enable,enable
132657,Lynn University,106,3,thin,46.9,6893.0,2324.0,Lynn University,9299,5878,5878,1761,1.49,4.0,0.781,0.219,0.042,0.717,0.516,210,3,1.483,29114,25671,15962,2407,75.352,24.57,3.93,71.366,93.303,1215.0,enable,enable
237367,Fairmont State University,107,3,thin,44.0,5746.0,1530.0,Fairmont State University,5943,5071,5071,1245,1.92,4.0,0.827,0.173,0.029,0.776,0.745,150,3,1.971,20711,18374,8897,2537,82.662,17.365,2.815,79.851,94.133,1777.0,enable,enable
156295,Berea College,108,3,thin,43.9,4446.0,1313.0,Berea College,3852,3827,3827,996,1.72,4.0,0.842,0.158,0.109,0.715,0.928,96,3,1.706,11048,9972,7337,1730,83.626,15.855,9.872,73.593,94.033,1626.0,enable,enable
147536,National Louis University,109,3,thin,42.8,7776.0,3172.0,National Louis University,17444,6717,6717,2600,1.83,4.0,0.829,0.171,0.013,0.798,0.313,243,3,1.803,38585,44803,14409,2469,81.33,18.588,1.651,79.718,93.744,839.0,enable,enable
175342,Alcorn State University,110,3,thin,38.2,3952.0,1115.0,Alcorn State University,3978,3302,3302,818,1.78,4.0,0.834,0.166,0.035,0.772,0.701,155,3,1.827,13326,12451,8151,1988,83.236,16.817,3.59,79.722,94.282,1313.0,enable,enable
138716,Albany State University,111,3,thin,36.9,5884.0,1484.0,Albany State University,6379,4925,4925,1116,1.66,4.0,0.814,0.186,0.026,0.77,0.685,153,3,1.691,20222,18371,8268,2188,79.973,19.929,2.788,77.217,94.032,1215.0,enable,enable
231581,Bridgewater College,112,3,thin,35.7,4409.0,1140.0,Bridgewater College,3972,3890,3890,923,1.76,4.0,0.857,0.143,0.018,0.823,0.913,100,3,1.753,12013,11395,5754,1427,85.198,14.788,1.949,83.141,94.808,1247.0,enable,enable
148016,Principia College,113,3,avoid,33.0,1722.0,372.0,Principia College,1518,1512,1512,295,2.05,4.0,0.798,0.202,0.069,0.707,0.951,59,3,2.003,5055,4326,3846,975,79.007,21.0,8.054,70.886,94.075,913.0,enable,enable
126182,Adams State University,114,3,avoid,26.6,3058.0,675.0,Adams State University,5550,2685,2685,514,1.91,4.0,0.764,0.236,0.0,0.746,0.444,167,3,1.954,15348,14578,9371,1779,76.394,23.874,0.0,76.394,93.738,952.0,enable,enable
133508,Florida SouthWestern State College,116,3,avoid,19.9,1820.0,743.0,Florida SouthWestern State College,8875,1627,1627,622,1.93,4.0,0.841,0.159,0.0,0.823,0.163,119,3,1.839,19745,18245,5772,1233,82.132,17.809,0.0,82.132,92.515,258.0,enable,enable
177940,Lincoln University,118,3,avoid,0.0,0.0,0.0,Lincoln University,12901,8193,8193,2035,1.28,4.0,0.789,0.211,0.025,0.745,0.573,216,3,1.354,25951,22432,13334,2065,80.928,19.295,2.308,78.628,94.279,1149.0,enable,enable
262129,New College of Florida,119,3,avoid,0.0,0.0,0.0,New College of Florida,2304,2230,2230,514,1.07,4.0,0.822,0.178,0.0,0.802,0.908,93,3,1.038,4115,3745,2314,189,78.195,21.812,0.0,78.195,93.846,80.0,enable,enable
121309,Point Loma Nazarene University,122,3,,,,,Point Loma Nazarene University,11873,8926,8926,2938,1.6,4.0,0.844,0.156,0.035,0.789,0.666,127,3,1.519,29692,30125,13312,2820,82.722,17.175,3.008,79.667,93.493,2147.0,enable,enable
137351,University of South Florida,123,3,,,,,University of South Florida,87996,63772,63772,18957,2.13,4.0,0.859,0.141,0.029,0.812,0.624,299,3,2.053,230135,231239,82919,10123,83.735,16.355,3.302,80.414,93.779,2592.0,enable,enable
155061,Fort Hays State University,124,3,,,,,Fort Hays State University,17088,12874,12874,4216,2.0,4.0,0.814,0.186,0.028,0.762,0.642,173,3,2.051,48052,46968,26247,3921,80.264,19.728,2.596,77.646,93.388,2087.0,enable,enable
181783,Wayne State College,125,3,,,,,Wayne State College,4985,4023,4023,1164,1.88,4.0,0.839,0.161,0.021,0.794,0.71,129,3,1.873,15297,14318,7221,1841,82.986,17.008,1.985,81.035,93.589,1346.0,enable,enable
201441,Bowling Green State University-Main Campus,130,2,strong,88.4,39838.0,10645.0,Bowling Green State University-Main Campus,45513,35847,35847,8805,1.55,4.0,0.862,0.138,0.022,0.822,0.696,235,3,1.539,117060,123170,56473,8209,85.633,14.367,2.417,83.232,94.043,3640.0,enable,enable
139658,Emory University,131,2,strong,87.4,32157.0,11009.0,Emory University,34010,21599,21599,6416,1.74,4.0,0.893,0.107,0.058,0.82,0.56,278,3,1.649,78212,81897,41105,5456,87.872,12.206,5.056,82.891,93.452,1984.0,enable,enable
202480,University of Dayton,132,2,strong,87.0,27694.0,8928.0,University of Dayton,34444,24458,24458,7171,1.49,4.0,0.91,0.09,0.033,0.859,0.624,275,3,1.426,87958,91847,42578,5779,87.419,12.447,3.762,83.587,93.984,2500.0,enable,enable
122931,Santa Clara University,137,2,strong,79.9,22927.0,7687.0,Santa Clara University,27680,18065,18065,5213,1.62,4.0,0.905,0.095,0.031,0.859,0.573,239,3,1.54,75303,75864,27266,3772,89.026,10.99,2.791,86.281,93.532,1713.0,enable,enable
122436,University of San Diego,138,2,strong,77.0,22008.0,6765.0,University of San Diego,27172,17469,17469,4386,1.53,4.0,0.871,0.129,0.023,0.829,0.59,273,3,1.47,72291,71775,31612,3963,86.396,13.515,2.523,83.872,94.549,1653.0,enable,enable
233277,Radford University,139,2,strong,77.0,22441.0,5011.0,Radford University,22277,19219,19219,3952,1.67,4.0,0.873,0.127,0.022,0.836,0.783,206,3,1.651,63144,64066,25752,3654,86.144,13.84,2.451,83.68,94.126,2019.0,enable,enable
141334,University of West Georgia,140,2,strong,75.9,20531.0,5897.0,University of West Georgia,8213,6772,6772,1779,2.03,4.0,0.843,0.157,0.035,0.792,0.727,187,3,2.033,26398,24700,8363,2528,82.377,17.662,3.797,78.636,93.82,1493.0,enable,enable
199847,Wake Forest University,141,2,strong,75.6,20385.0,6786.0,Wake Forest University,22124,16814,16814,5080,1.54,4.0,0.909,0.091,0.001,0.895,0.678,222,3,1.44,56856,57330,30603,3505,88.737,11.242,0.142,88.593,93.639,1336.0,enable,enable
178411,Missouri University of Science and Technology,142,2,usable,74.8,17672.0,5571.0,Missouri University of Science and Technology,22571,15215,15215,4298,1.31,4.0,0.934,0.066,0.021,0.898,0.572,188,3,1.243,62120,62845,39166,3942,90.562,9.332,1.737,88.829,93.747,1404.0,enable,enable
110361,California Baptist University,144,2,usable,72.5,16849.0,7678.0,California Baptist University,21315,14733,14733,6251,1.42,4.0,0.847,0.153,0.05,0.773,0.577,172,3,1.363,47635,48389,19575,3369,81.883,18.135,5.478,76.385,91.801,2113.0,enable,enable
106704,University of Central Arkansas,145,2,usable,70.3,17379.0,4841.0,University of Central Arkansas,19008,15328,15328,3802,1.48,4.0,0.842,0.158,0.029,0.789,0.695,246,3,1.491,55005,51846,22137,4548,81.921,18.116,2.816,78.948,93.651,2340.0,enable,enable
130253,Sacred Heart University,146,2,usable,68.2,15360.0,5643.0,Sacred Heart University,22774,13221,13221,4392,1.71,4.0,0.874,0.126,0.031,0.821,0.5,257,3,1.631,54937,59280,25280,3502,85.037,15.18,3.128,81.909,93.521,1417.0,enable,enable
157401,Murray State University,148,2,usable,65.8,16557.0,4214.0,Murray State University,19170,14687,14687,3401,1.54,4.0,0.831,0.169,0.037,0.771,0.651,189,3,1.565,58321,55820,29605,5249,82.146,17.893,3.297,78.681,93.612,2884.0,enable,enable
217165,Bryant University,149,2,usable,62.8,13793.0,3963.0,Bryant University,14429,12325,12325,3191,1.38,4.0,0.92,0.08,0.015,0.865,0.764,151,3,1.323,42374,40280,15075,1656,91.181,8.783,1.989,89.19,93.164,753.0,enable,enable
133881,Florida Institute of Technology,150,2,usable,62.1,13806.0,4379.0,Florida Institute of Technology,29976,11983,11983,3374,1.13,4.0,0.871,0.129,0.05,0.804,0.336,211,3,1.103,59113,55682,39007,4802,86.35,13.758,5.386,80.848,93.487,1755.0,enable,enable
229814,West Texas A & M University,151,2,usable,61.8,13442.0,4108.0,West Texas A & M University,16008,11399,11399,3206,1.62,4.0,0.82,0.18,0.035,0.75,0.62,180,3,1.64,48858,45689,21129,4468,80.988,19.007,4.069,76.854,93.055,2549.0,enable,enable
181002,Creighton University,152,2,usable,60.5,12828.0,4057.0,Creighton University,16283,10175,10175,2682,1.74,4.0,0.897,0.103,0.033,0.843,0.552,288,3,1.672,43986,46797,28049,4120,86.59,13.433,3.422,83.099,93.572,1878.0,enable,enable
199157,North Carolina Central University,153,2,usable,59.1,12723.0,3569.0,North Carolina Central University,15754,10834,10834,2760,1.57,4.0,0.828,0.172,0.001,0.807,0.598,243,3,1.553,44455,40005,17398,3352,81.814,18.094,0.036,81.771,94.41,1503.0,enable,enable
169080,Calvin University,154,2,usable,58.6,11387.0,3091.0,Calvin University,5417,5169,5169,1304,1.94,4.0,0.873,0.127,0.028,0.823,0.894,128,3,1.898,16433,16455,9289,2300,85.895,14.226,3.004,82.847,93.947,2015.0,enable,enable
148487,Roosevelt University,155,2,usable,57.3,18207.0,2810.0,Roosevelt University,19989,10311,10311,2077,1.43,4.0,0.842,0.158,0.014,0.812,0.458,245,3,1.42,63580,60905,19441,4377,83.454,16.362,1.519,81.865,94.213,1899.0,enable,enable
202523,Denison University,157,2,usable,55.7,9186.0,2731.0,Denison University,8085,8066,8066,2173,1.5,4.0,0.893,0.107,0.021,0.855,0.935,81,3,1.432,22898,23116,12510,1738,86.449,13.674,2.804,83.578,93.444,1560.0,enable,enable
136950,Rollins College,158,2,thin,53.8,10205.0,2932.0,Rollins College,10346,8930,8930,2302,1.45,4.0,0.827,0.173,0.026,0.784,0.786,147,3,1.408,30920,28086,14028,2185,81.852,17.981,2.86,78.976,94.079,1450.0,enable,enable
127918,Regis University,159,2,thin,51.0,13714.0,2552.0,Regis University,28896,12327,12327,2068,1.63,4.0,0.858,0.142,0.017,0.827,0.376,283,3,1.641,85369,83935,34657,3917,84.776,15.27,2.158,82.601,94.33,1732.0,enable,enable
153834,Luther College,161,2,thin,47.2,6867.0,1471.0,Luther College,6188,6170,6170,1211,1.58,4.0,0.873,0.127,0.025,0.829,0.945,74,3,1.554,18707,18550,9512,1710,87.138,12.8,2.335,84.801,94.272,1586.0,enable,enable
213987,Mercyhurst University,162,2,thin,46.9,8015.0,1958.0,Mercyhurst University,9384,7197,7197,1586,1.58,4.0,0.861,0.139,0.027,0.818,0.684,154,3,1.562,28292,27096,16184,3142,85.224,14.512,2.793,82.371,94.048,2103.0,enable,enable
209506,Oregon Institute of Technology,163,2,thin,46.7,6617.0,2089.0,Oregon Institute of Technology,6197,5847,5847,1656,1.62,4.0,0.876,0.124,0.0,0.857,0.861,149,3,1.639,16486,16629,8585,1871,86.808,13.308,0.178,86.63,93.614,1301.0,enable,enable
216287,Swarthmore College,164,2,thin,46.5,6434.0,2089.0,Swarthmore College,5628,5575,5575,1644,1.52,4.0,0.893,0.107,0.024,0.856,0.926,77,3,1.446,13730,14297,8333,1454,88.784,11.197,2.336,86.471,93.839,1335.0,enable,enable
139144,Berry College,165,2,thin,43.9,5711.0,1717.0,Berry College,5223,5065,5065,1363,1.66,4.0,0.851,0.149,0.047,0.786,0.889,125,3,1.611,15255,14656,8182,1956,84.09,15.854,4.267,79.881,93.71,1660.0,enable,enable
132709,Broward College,166,2,thin,43.1,6988.0,3283.0,Broward College,38361,6117,6117,2757,1.39,4.0,0.819,0.181,0.022,0.777,0.132,151,3,1.324,59361,56001,17516,3313,79.16,20.986,1.188,78.047,92.461,573.0,enable,enable
199962,Wingate University,168,2,thin,41.9,5212.0,1815.0,Wingate University,6811,4518,4518,1425,1.48,4.0,0.854,0.146,0.039,0.797,0.574,230,3,1.442,19000,18565,10956,2058,84.59,15.145,3.423,81.042,93.517,1280.0,enable,enable
188641,Alfred University,170,2,thin,40.2,5185.0,1108.0,Alfred University,6049,4494,4494,854,1.66,4.0,0.833,0.167,0.043,0.772,0.654,172,3,1.657,18948,17362,11208,2344,85.466,14.482,4.864,80.597,94.673,1484.0,enable,enable
140696,Oglethorpe University,171,2,thin,40.1,3720.0,1339.0,Oglethorpe University,3366,3218,3218,1051,1.58,4.0,0.833,0.167,0.02,0.792,0.875,122,3,1.518,9000,8195,4133,1267,82.212,17.566,2.123,80.156,93.309,1027.0,enable,enable
161457,University of New England,173,2,thin,39.9,5958.0,1725.0,University of New England,36883,18895,18895,5867,1.1,4.0,0.818,0.182,0.025,0.755,0.442,291,3,1.163,70058,74726,37168,4655,79.509,20.495,2.748,76.74,93.775,1956.0,enable,enable
217493,Rhode Island School of Design,174,2,thin,39.5,8715.0,2369.0,Rhode Island School of Design,10723,7258,7258,1672,1.23,4.0,0.729,0.271,0.024,0.679,0.641,137,3,1.223,21878,22547,13291,1062,72.475,27.341,2.367,70.031,94.553,294.0,enable,enable
215947,Seton Hill University,175,2,thin,39.2,4259.0,1269.0,Seton Hill University,5268,3749,3749,1021,1.8,4.0,0.834,0.166,0.031,0.785,0.604,133,3,1.788,17825,16829,8841,2292,83.136,16.512,2.521,80.62,93.516,1631.0,enable,enable
169983,Kettering University,176,2,thin,38.8,5834.0,1702.0,Kettering University,7301,5255,5255,1400,1.38,4.0,0.951,0.049,0.009,0.925,0.64,108,3,1.331,18536,19758,10811,1188,94.086,5.723,1.449,92.588,94.264,510.0,enable,enable
181330,Midland University,177,2,thin,37.7,2772.0,1173.0,Midland University,2877,2433,2433,969,1.78,4.0,0.854,0.146,0.042,0.785,0.752,115,3,1.775,7999,7501,4085,1224,84.16,15.669,4.036,80.15,93.788,926.0,enable,enable
128391,Western Colorado University,178,2,thin,36.3,4576.0,1237.0,Western Colorado University,4607,3960,3960,988,1.79,4.0,0.787,0.213,0.001,0.765,0.809,128,3,1.777,13940,12312,7342,1466,76.87,22.899,0.016,76.848,93.589,1133.0,enable,enable
181127,Hastings College,179,2,thin,35.5,2518.0,602.0,Hastings College,2318,2238,2238,473,1.94,4.0,0.844,0.156,0.027,0.792,0.898,122,3,1.961,7468,6979,4368,1417,84.037,15.978,2.261,81.751,94.809,1183.0,enable,enable
199643,Shaw University,180,2,avoid,33.5,3182.0,579.0,Shaw University,2954,2671,2671,431,1.82,4.0,0.783,0.217,0.012,0.752,0.857,153,3,1.91,9920,8443,5288,1384,79.26,20.621,1.503,77.74,94.384,1027.0,enable,enable
199865,Warren Wilson College,182,2,avoid,31.3,1946.0,440.0,Warren Wilson College,1936,1702,1702,321,2.07,4.0,0.769,0.231,0.046,0.704,0.828,107,3,2.049,5777,5000,4337,1012,77.044,23.009,4.993,72.027,94.494,841.0,enable,enable
187897,New Mexico Highlands University,183,2,avoid,29.8,2346.0,566.0,New Mexico Highlands University,4261,2039,2039,448,2.2,4.0,0.78,0.22,0.057,0.695,0.395,133,3,2.28,14607,12878,7629,1930,76.826,22.934,6.925,70.066,94.355,927.0,enable,enable
157535,University of Pikeville,185,2,avoid,28.3,1469.0,517.0,University of Pikeville,1622,1232,1232,363,1.97,4.0,0.823,0.177,0.082,0.719,0.679,211,3,2.007,5400,4810,3458,1019,80.1,19.507,7.683,72.204,93.13,610.0,enable,enable
102632,University of Alaska Southeast,187,2,avoid,22.9,1218.0,352.0,University of Alaska Southeast,1955,1022,1022,274,2.0,4.0,0.776,0.224,0.006,0.742,0.443,152,3,2.043,6776,5840,3837,1153,73.911,26.142,0.293,73.637,95.872,475.0,enable,enable
136516,Polk State College,188,2,avoid,20.9,2316.0,1030.0,Polk State College,8233,2066,2066,881,1.92,4.0,0.85,0.15,0.019,0.812,0.202,112,3,1.872,21673,18372,6173,1235,82.957,16.867,0.976,81.977,90.645,250.0,enable,enable
446640,Harrisburg University of Science and Technology,190,2,avoid,18.8,1006.0,619.0,Harrisburg University of Science and Technology,5378,800,800,461,1.47,4.0,0.872,0.128,0.003,0.849,0.129,126,3,1.335,10774,10582,5246,801,85.326,14.259,0.338,84.964,88.473,326.0,enable,enable
223506,Brazosport College,191,2,avoid,13.4,599.0,321.0,Brazosport College,2788,536,536,278,1.3,4.0,0.861,0.139,0.022,0.784,0.147,117,3,1.238,7744,6515,2441,952,85.341,14.39,1.1,84.287,93.125,141.0,enable,enable
177986,Logan University,192,2,avoid,13.1,756.0,238.0,Logan University,3230,656,656,192,1.81,4.0,0.58,0.42,0.049,0.491,0.166,252,3,1.806,6307,6616,7783,713,60.968,38.994,6.907,54.273,93.659,180.0,enable,enable
127565,Metropolitan State University of Denver,196,2,,,,,Metropolitan State University of Denver,36890,34352,34352,9341,1.58,4.0,0.822,0.178,0.018,0.789,0.865,156,3,1.552,94111,89291,23205,4104,80.947,19.002,1.981,78.99,93.444,2668.0,enable,enable
129215,Eastern Connecticut State University,197,2,,,,,Eastern Connecticut State University,11560,11123,11123,2630,1.58,4.0,0.85,0.15,0.0,0.83,0.887,149,3,1.562,35039,32957,11998,2016,82.343,17.798,0.065,82.274,93.39,1253.0,enable,enable
138600,Agnes Scott College,198,2,,,,,Agnes Scott College,3160,2968,2968,849,1.61,4.0,0.843,0.157,0.037,0.792,0.883,102,3,1.56,8248,7760,4836,1283,83.568,16.192,3.532,79.992,93.476,1115.0,enable,enable
165671,Emmanuel College,199,2,,,,,Emmanuel College,7629,6760,6760,1714,1.4,4.0,0.867,0.133,0.019,0.827,0.81,150,3,1.368,22177,21222,8909,1951,84.57,15.389,1.632,82.968,93.99,1437.0,enable,enable
187134,The College of New Jersey,202,2,,,,,The College of New Jersey,22534,20165,20165,6073,1.65,4.0,0.887,0.113,0.014,0.854,0.8,151,3,1.583,56037,61448,21644,3012,87.141,12.684,1.495,85.621,94.074,1716.0,enable,enable
220181,Fisk University,204,2,,,,,Fisk University,2059,1778,1778,501,1.82,4.0,0.825,0.175,0.026,0.783,0.786,135,3,1.777,5892,5404,4029,1010,80.707,19.202,2.646,78.078,92.867,708.0,enable,enable
232308,Hollins University,208,2,,,,,Hollins University,2831,2096,2096,505,1.86,4.0,0.812,0.188,0.03,0.765,0.678,116,3,1.825,8974,8186,6286,1508,80.976,18.92,3.096,77.828,93.97,945.0,enable,enable
239318,Milwaukee School of Engineering,209,2,,,,,Milwaukee School of Engineering,8848,7806,7806,2293,1.18,4.0,0.936,0.064,0.017,0.903,0.78,151,3,1.136,23689,25149,10226,1475,92.579,7.241,1.458,91.114,94.118,630.0,enable,enable
147703,Northern Illinois University,213,1,strong,88.7,47454.0,10661.0,Northern Illinois University,60275,43064,43064,8685,1.64,4.0,0.877,0.123,0.025,0.835,0.628,293,3,1.631,168287,173292,50310,7175,86.436,13.484,2.623,83.807,93.906,2184.0,enable,enable
171571,Oakland University,214,1,strong,88.7,37478.0,11805.0,Oakland University,43321,33804,33804,9841,1.57,4.0,0.871,0.129,0.019,0.831,0.677,273,3,1.525,107929,106096,28628,6107,84.153,15.717,2.208,81.916,93.49,2245.0,enable,enable
157289,University of Louisville,215,1,strong,88.5,36327.0,11508.0,University of Louisville,47289,31722,31722,9266,1.61,4.0,0.871,0.129,0.004,0.848,0.561,298,3,1.582,131348,121682,51933,7206,84.576,15.384,0.226,84.351,93.682,1892.0,enable,enable
146719,Loyola University Chicago,218,1,strong,87.7,35808.0,12611.0,Loyola University Chicago,44763,30324,30324,9516,1.63,4.0,0.886,0.114,0.002,0.866,0.59,290,3,1.549,110870,120228,43133,6897,87.183,12.876,0.166,87.002,93.37,2472.0,enable,enable
111948,Chapman University,221,1,strong,87.0,28408.0,10919.0,Chapman University,30988,23236,23236,7492,1.38,4.0,0.827,0.173,0.025,0.78,0.655,258,3,1.297,72505,74074,28641,4242,81.638,18.312,2.73,78.875,93.96,1976.0,enable,enable
144740,DePaul University,222,1,strong,86.8,54769.0,15635.0,DePaul University,73508,47914,47914,12050,1.41,4.0,0.863,0.137,0.019,0.825,0.582,267,3,1.355,186354,186395,52887,7694,83.944,16.048,2.235,81.755,93.556,2588.0,enable,enable
206084,University of Toledo,223,1,strong,86.5,34974.0,9644.0,University of Toledo,36588,27214,27214,6713,1.69,4.0,0.881,0.119,0.037,0.828,0.638,300,3,1.681,113521,112122,51350,7437,86.037,13.863,4.065,81.961,94.099,2660.0,enable,enable
191241,Fordham University,224,1,strong,86.2,35535.0,12467.0,Fordham University,40583,25726,25726,6747,1.6,4.0,0.871,0.129,0.023,0.828,0.574,275,3,1.531,100359,107456,36945,5542,84.637,15.466,2.257,82.524,93.775,1980.0,enable,enable
176372,University of Southern Mississippi,227,1,strong,82.7,26682.0,7844.0,University of Southern Mississippi,29642,22089,22089,6116,1.67,4.0,0.822,0.178,0.036,0.767,0.639,238,3,1.682,79767,78869,39066,6809,81.275,18.844,3.949,77.344,93.804,3328.0,enable,enable
157447,Northern Kentucky University,228,1,strong,79.6,24768.0,6961.0,Northern Kentucky University,29321,22366,22366,5854,1.52,4.0,0.87,0.13,0.019,0.815,0.691,249,3,1.501,75186,69673,25944,4550,85.469,14.429,2.17,83.319,93.793,2280.0,enable,enable
186876,Stockton University,229,1,strong,78.8,21743.0,6951.0,Stockton University,20411,18911,18911,5706,1.82,4.0,0.839,0.161,0.018,0.801,0.814,220,3,1.778,55749,54929,17671,2947,82.021,17.997,1.932,80.002,93.682,1668.0,enable,enable
195030,University of Rochester,230,1,strong,78.2,23134.0,7688.0,University of Rochester,26253,18225,18225,5434,1.68,4.0,0.907,0.093,0.001,0.89,0.594,280,3,1.596,66560,69673,39612,5989,88.621,11.57,0.088,88.524,93.796,2190.0,enable,enable
122612,University of San Francisco,231,1,strong,78.0,24836.0,7739.0,University of San Francisco,40062,20725,20725,5632,1.41,4.0,0.851,0.149,0.033,0.797,0.461,300,3,1.356,98561,98964,40116,5070,82.65,17.212,3.119,79.481,93.822,1721.0,enable,enable
213349,Kutztown University of Pennsylvania,232,1,strong,76.0,20691.0,4927.0,Kutztown University of Pennsylvania,20432,18528,18528,4036,1.75,4.0,0.854,0.146,0.017,0.82,0.826,161,3,1.737,58536,59754,18756,3328,83.471,16.569,1.615,81.841,94.187,1920.0,enable,enable
171128,Michigan Technological University,234,1,usable,74.9,17122.0,5065.0,Michigan Technological University,20294,15070,15070,3947,1.36,4.0,0.929,0.071,0.044,0.863,0.652,201,3,1.304,52698,55353,29855,4136,89.681,10.187,6.536,83.21,93.835,1874.0,enable,enable
142285,University of Idaho,235,1,usable,74.7,20106.0,5050.0,University of Idaho,23904,17787,17787,3906,1.51,4.0,0.843,0.157,0.05,0.775,0.648,274,3,1.493,72439,69036,39281,7057,82.416,17.459,5.721,76.671,93.984,3588.0,enable,enable
129242,Fairfield University,236,1,usable,73.9,15547.0,5442.0,Fairfield University,17979,13860,13860,4508,1.5,4.0,0.913,0.087,0.022,0.87,0.664,188,3,1.406,46160,47737,20054,3236,88.937,10.971,2.636,86.263,93.463,1404.0,enable,enable
187046,Thomas Edison State University,237,1,usable,71.2,20665.0,6008.0,Thomas Edison State University,21267,17344,17344,5274,1.78,4.0,0.84,0.16,0.002,0.824,0.706,169,3,1.772,54644,49513,30879,2631,80.837,19.447,0.086,80.754,93.394,1162.0,enable,enable
236595,Seattle University,238,1,usable,70.5,18201.0,5359.0,Seattle University,26153,15557,15557,3999,1.42,4.0,0.868,0.132,0.024,0.823,0.533,279,3,1.391,69492,64146,25534,4550,85.001,15.069,2.368,82.594,94.049,2336.0,enable,enable
163453,Morgan State University,239,1,usable,68.8,14322.0,4475.0,Morgan State University,14664,11665,11665,3123,1.41,4.0,0.831,0.169,0.024,0.792,0.709,250,3,1.388,42291,37672,18106,3959,81.843,18.123,2.464,79.376,93.735,1932.0,enable,enable
226091,Lamar University,241,1,usable,68.1,17386.0,5599.0,Lamar University,34266,15113,15113,4488,1.49,4.0,0.846,0.154,0.024,0.791,0.394,250,3,1.483,70987,81785,29011,5183,82.661,17.269,2.559,80.112,93.699,2400.0,enable,enable
120883,University of the Pacific,243,1,usable,66.6,17200.0,4747.0,University of the Pacific,13873,9083,9083,2187,1.59,4.0,0.848,0.152,0.054,0.777,0.565,278,3,1.559,36023,36673,20005,4151,82.707,17.133,5.063,77.704,93.772,2142.0,enable,enable
219602,Austin Peay State University,244,1,usable,66.4,15804.0,4550.0,Austin Peay State University,17360,13665,13665,3565,1.59,4.0,0.837,0.163,0.032,0.784,0.671,168,3,1.612,48752,44150,21894,3840,83.778,16.23,2.909,80.895,93.781,2146.0,enable,enable
230603,Southern Utah University,245,1,usable,66.2,12699.0,5121.0,Southern Utah University,16637,11078,11078,4156,1.5,4.0,0.826,0.174,0.052,0.753,0.563,154,3,1.442,41528,37844,17505,3294,81.308,18.606,4.357,76.928,93.11,1986.0,enable,enable
233374,University of Richmond,246,1,usable,66.2,14412.0,4340.0,University of Richmond,12398,10955,10955,3160,1.66,4.0,0.908,0.092,0.02,0.872,0.813,211,3,1.589,34425,34176,16866,2619,89.554,10.517,2.168,87.404,93.756,1879.0,enable,enable
190099,Colgate University,247,1,usable,63.4,12570.0,3932.0,Colgate University,11057,11003,11003,3192,1.46,4.0,0.92,0.08,0.018,0.886,0.931,114,3,1.386,29163,30736,14219,1857,91.658,8.26,2.046,89.591,93.871,1589.0,enable,enable
164748,Berklee College of Music,248,1,usable,63.1,16191.0,5754.0,Berklee College of Music,16119,12622,12622,4287,1.64,4.0,0.562,0.438,0.036,0.508,0.712,176,3,1.597,28367,24587,17650,1047,61.914,37.981,3.18,58.745,93.761,425.0,enable,enable
188429,Adelphi University,249,1,usable,61.5,14264.0,4289.0,Adelphi University,20513,12414,12414,3324,1.62,4.0,0.837,0.163,0.034,0.781,0.513,216,3,1.592,52714,56110,18401,3838,81.625,18.187,3.834,77.754,93.753,1809.0,enable,enable
209825,University of Portland,250,1,usable,60.6,11635.0,3582.0,University of Portland,11585,9775,9775,2678,1.55,4.0,0.901,0.099,0.024,0.86,0.758,179,3,1.484,32889,33670,16047,2547,87.492,12.376,2.365,85.047,94.191,1646.0,enable,enable
121150,Pepperdine University,251,1,usable,60.5,14472.0,4463.0,Pepperdine University,17638,11550,11550,3229,1.53,4.0,0.843,0.157,0.038,0.787,0.584,263,3,1.462,50089,48438,23792,3472,82.787,17.142,3.455,79.337,93.568,1644.0,enable,enable
482149,Augusta University,252,1,usable,57.4,10461.0,3633.0,Augusta University,10200,6825,6825,2808,1.67,4.0,0.867,0.133,0.071,0.778,0.572,251,3,1.614,25002,24455,11386,2793,84.845,14.975,5.79,78.908,92.826,1462.0,enable,enable
213385,Lafayette College,253,1,usable,56.6,10636.0,3444.0,Lafayette College,9275,9263,9263,2666,1.4,4.0,0.926,0.074,0.016,0.895,0.932,73,3,1.326,24938,25848,12007,1484,91.686,8.343,1.259,90.408,93.896,1278.0,enable,enable
217882,Clemson University,254,1,usable,56.4,7648.0,2528.0,Clemson University,66318,49451,49451,17237,1.5,4.0,0.9,0.1,0.041,0.842,0.635,225,3,1.411,153697,163672,71463,7868,87.459,12.543,4.381,83.019,93.564,2669.0,enable,enable
204501,Oberlin College,255,1,usable,55.9,10407.0,2821.0,Oberlin College,9001,8966,8966,2159,1.51,4.0,0.824,0.176,0.025,0.779,0.935,94,3,1.455,22886,23220,13657,1820,82.203,17.927,2.274,79.867,93.999,1654.0,enable,enable
101879,University of North Alabama,256,1,usable,55.8,10664.0,3417.0,University of North Alabama,13693,9382,9382,2730,1.62,4.0,0.823,0.177,0.025,0.777,0.614,156,3,1.679,40262,37612,18012,3148,80.472,19.535,1.812,78.617,93.714,1912.0,enable,enable
216278,Susquehanna University,257,1,thin,54.7,8151.0,2579.0,Susquehanna University,7196,7161,7161,2067,1.54,4.0,0.879,0.121,0.024,0.838,0.93,98,3,1.504,19521,19274,9783,1963,87.32,12.644,2.412,84.863,93.598,1800.0,enable,enable
142276,Idaho State University,258,1,thin,53.9,11186.0,3108.0,Idaho State University,16314,9647,9647,2404,1.63,4.0,0.82,0.18,0.064,0.735,0.504,300,3,1.648,50524,46410,25629,6576,81.72,18.226,7.012,74.675,93.902,2611.0,enable,enable
166939,Mount Holyoke College,261,1,thin,53.2,9307.0,2630.0,Mount Holyoke College,8201,7962,7962,1938,1.45,4.0,0.868,0.132,0.029,0.82,0.915,111,3,1.41,21522,21994,13288,1924,85.755,14.537,2.638,83.133,93.982,1714.0,enable,enable
219471,University of South Dakota,262,1,thin,53.0,10469.0,3129.0,University of South Dakota,7629,4941,4941,989,1.9,4.0,0.842,0.158,0.046,0.77,0.555,284,3,1.927,26036,24618,14078,3387,82.361,17.835,6.068,76.416,94.529,1635.0,enable,enable
107044,Harding University,263,1,thin,52.3,10107.0,2410.0,Harding University,11045,8855,8855,1877,1.5,4.0,0.845,0.155,0.041,0.78,0.696,239,3,1.51,33211,32728,20900,3634,83.382,16.55,4.3,78.99,93.683,2491.0,enable,enable
213367,La Salle University,264,1,thin,52.3,11371.0,2822.0,La Salle University,6013,3735,3735,805,2.0,4.0,0.878,0.122,0.015,0.845,0.548,197,3,2.02,20712,20115,8503,2235,86.73,13.387,1.721,85.064,94.167,1124.0,enable,enable
134079,Florida Southern College,266,1,thin,51.0,7746.0,2571.0,Florida Southern College,7754,6803,6803,2051,1.63,4.0,0.85,0.15,0.023,0.811,0.784,169,3,1.604,22225,21013,12081,2547,83.614,16.293,2.195,81.363,93.825,1902.0,enable,enable
100812,Athens State University,267,1,thin,50.8,8058.0,2786.0,Athens State University,7661,7250,7250,2392,1.87,4.0,0.816,0.184,0.008,0.791,0.867,140,3,1.886,22111,20337,6530,1653,79.504,20.541,0.724,78.768,93.514,1231.0,enable,enable
159717,McNeese State University,268,1,thin,50.5,9602.0,2363.0,McNeese State University,10438,8570,8570,1897,1.73,4.0,0.825,0.175,0.023,0.768,0.709,156,3,1.784,35003,32129,13705,3354,80.49,19.382,2.078,78.327,94.194,1844.0,enable,enable
165866,Framingham State University,270,1,thin,49.8,10155.0,2449.0,Framingham State University,13262,9331,9331,2093,1.6,4.0,0.869,0.131,0.013,0.834,0.642,155,3,1.584,38772,39601,16450,2711,86.406,13.636,1.392,85.001,93.822,1355.0,enable,enable
159656,Loyola University New Orleans,271,1,thin,49.7,9307.0,2705.0,Loyola University New Orleans,10777,8194,8194,2138,1.47,4.0,0.786,0.214,0.022,0.745,0.682,237,3,1.433,30330,28984,17390,3105,78.975,20.99,2.43,76.488,93.544,1991.0,enable,enable
164465,Amherst College,272,1,thin,49.3,7668.0,2356.0,Amherst College,6799,6766,6766,1899,1.54,4.0,0.91,0.09,0.025,0.87,0.93,97,3,1.452,17779,18932,10190,1481,90.267,9.605,2.9,87.363,93.895,1315.0,enable,enable
191931,Iona University,273,1,thin,49.3,9312.0,2414.0,Iona University,5073,3699,3699,621,1.98,4.0,0.837,0.163,0.001,0.819,0.63,132,3,1.993,20239,18706,7372,2070,84.239,15.747,0.03,84.21,95.246,1141.0,enable,enable
238458,Carroll University,274,1,thin,47.9,7186.0,1937.0,Carroll University,7522,6353,6353,1660,1.7,4.0,0.883,0.117,0.027,0.838,0.744,201,3,1.663,22264,22603,8950,2399,87.785,12.169,2.202,85.53,93.611,1626.0,enable,enable
164580,Babson College,275,1,thin,47.4,10312.0,3982.0,Babson College,11499,8876,8876,3078,1.69,4.0,0.897,0.103,0.011,0.862,0.699,159,3,1.637,32381,31141,14689,744,86.529,13.794,0.94,85.59,92.938,228.0,enable,enable
148627,Saint Xavier University,276,1,thin,47.3,7561.0,2235.0,Saint Xavier University,10117,6730,6730,1791,1.57,4.0,0.869,0.131,0.023,0.828,0.56,146,3,1.565,28632,30036,9262,2686,84.855,14.996,2.625,82.217,93.968,1475.0,enable,enable
210401,Willamette University,277,1,thin,46.2,7731.0,1792.0,Willamette University,7812,6768,6768,1362,1.26,4.0,0.813,0.187,0.027,0.768,0.816,181,3,1.238,20606,19183,10625,1916,82.029,17.99,2.99,79.048,93.882,1429.0,enable,enable
230995,Norwich University,278,1,thin,46.2,7443.0,2396.0,Norwich University,13557,6583,6583,1945,1.44,4.0,0.884,0.116,0.021,0.847,0.397,136,3,1.397,39765,37150,27716,2570,87.769,12.089,2.0,85.68,93.506,1541.0,enable,enable
112260,Claremont McKenna College,279,1,thin,45.9,5402.0,1830.0,Claremont McKenna College,4892,4736,4736,1490,1.5,4.0,0.91,0.09,0.015,0.884,0.883,107,3,1.403,13712,13538,7229,1259,89.925,10.102,1.569,88.372,93.392,1036.0,enable,enable
138187,Valencia College,281,1,thin,44.1,5398.0,3988.0,Valencia College,56398,4565,4565,3331,1.35,4.0,0.828,0.172,0.028,0.781,0.055,171,3,1.177,84558,79346,19078,3078,78.368,21.812,2.163,76.194,90.415,559.0,enable,enable
211088,Arcadia University,283,1,thin,43.6,7164.0,1811.0,Arcadia University,11415,6334,6334,1444,1.47,4.0,0.846,0.154,0.027,0.802,0.49,255,3,1.433,31490,33536,16306,3193,83.387,16.348,2.759,80.556,93.997,1707.0,enable,enable
201690,Central State University,284,1,thin,43.5,4155.0,1932.0,Central State University,3649,3539,3539,1580,1.82,4.0,0.812,0.188,0.022,0.772,0.891,134,3,1.782,9609,8651,5734,1448,79.289,20.533,2.069,77.125,93.559,1209.0,enable,enable
169716,University of Detroit Mercy,285,1,thin,43.2,7133.0,2063.0,University of Detroit Mercy,10780,6151,6151,1574,1.98,4.0,0.861,0.139,0.034,0.806,0.479,252,3,1.996,31816,30179,14156,3713,82.995,16.998,3.436,79.511,94.529,1642.0,enable,enable
123651,Vanguard University of Southern California,288,1,thin,42.1,6006.0,1454.0,Vanguard University of Southern California,6194,5316,5316,1189,1.54,4.0,0.814,0.186,0.028,0.76,0.785,138,3,1.505,19345,18273,8359,1665,79.132,20.344,3.327,75.789,94.196,1063.0,enable,enable
123165,Scripps College,289,1,thin,41.9,3970.0,1302.0,Scripps College,4257,3475,3475,1051,1.68,4.0,0.869,0.131,0.015,0.835,0.748,182,3,1.603,10249,10466,6688,1694,86.209,13.836,1.345,84.882,93.525,1309.0,enable,enable
193584,Nazareth University,290,1,thin,41.5,5974.0,1561.0,Nazareth University,3844,2559,2559,461,2.01,4.0,0.843,0.157,0.025,0.803,0.578,188,3,2.031,12978,13329,7091,2103,83.179,16.63,2.879,80.262,94.864,1236.0,enable,enable
154350,Simpson College,291,1,thin,41.4,4688.0,1009.0,Simpson College,4312,4232,4232,842,1.78,4.0,0.874,0.126,0.02,0.832,0.917,116,3,1.747,14638,13164,5843,1783,85.682,14.239,2.159,83.522,93.781,1574.0,enable,enable
165529,Curry College,292,1,thin,41.4,6776.0,1652.0,Curry College,6844,6059,6059,1384,1.83,4.0,0.858,0.142,0.013,0.823,0.803,127,3,1.821,20381,20571,7184,1418,84.608,15.335,1.842,82.757,93.812,800.0,enable,enable
179043,Rockhurst University,294,1,thin,41.0,5821.0,1630.0,Rockhurst University,8365,4517,4517,1193,1.86,4.0,0.885,0.115,0.023,0.844,0.45,210,3,1.825,26493,26438,12214,2253,88.261,11.761,2.457,85.745,93.319,1280.0,enable,enable
192864,Marymount Manhattan College,295,1,thin,40.6,5853.0,1548.0,Marymount Manhattan College,5279,5181,5181,1257,1.58,4.0,0.792,0.208,0.015,0.757,0.924,114,3,1.531,14786,13695,6128,1293,79.5,20.429,1.584,77.865,94.029,1064.0,enable,enable
217873,Claflin University,296,1,thin,40.5,4121.0,1201.0,Claflin University,3791,3528,3528,931,1.56,4.0,0.826,0.174,0.027,0.782,0.838,120,3,1.563,12419,11011,6856,1551,83.675,16.596,3.256,80.429,93.449,1211.0,enable,enable
222983,Austin College,297,1,thin,40.0,4383.0,1099.0,Austin College,3864,3779,3779,826,1.69,4.0,0.853,0.147,0.018,0.814,0.901,138,3,1.661,11598,11106,5999,1486,85.433,14.457,2.428,83.027,93.185,1203.0,enable,enable
211273,Bryn Mawr College,298,1,thin,39.8,5230.0,1563.0,Bryn Mawr College,5539,4504,4504,1213,1.48,4.0,0.877,0.123,0.03,0.834,0.733,161,3,1.424,15000,15051,9130,1678,86.34,13.511,3.384,82.84,93.394,1157.0,enable,enable
198507,Elizabeth City State University,300,1,thin,38.8,3814.0,925.0,Elizabeth City State University,3419,3254,3254,692,1.65,4.0,0.801,0.199,0.001,0.781,0.882,121,3,1.718,10591,9511,5980,1424,79.031,20.825,0.024,79.0,93.944,1121.0,enable,enable
180106,Carroll College,301,1,thin,38.5,3212.0,764.0,Carroll College,3168,3073,3073,588,1.74,4.0,0.848,0.152,0.02,0.811,0.909,150,3,1.734,9631,9516,5617,1569,83.808,16.248,1.922,81.83,94.424,1327.0,enable,enable
214069,Misericordia University,302,1,thin,38.3,4760.0,1377.0,Misericordia University,5501,4256,4256,1136,1.7,4.0,0.877,0.123,0.034,0.824,0.616,238,3,1.701,17940,18700,8462,1984,87.304,12.659,2.736,84.441,93.92,1130.0,enable,enable
204264,Muskingum University,303,1,thin,37.8,3498.0,839.0,Muskingum University,3704,3115,3115,697,1.84,4.0,0.843,0.157,0.021,0.803,0.771,138,3,1.859,11253,10898,5840,1752,84.018,15.953,2.099,81.939,93.896,1355.0,enable,enable
102234,Spring Hill College,304,1,thin,37.6,3390.0,891.0,Spring Hill College,3400,2986,2986,697,1.74,4.0,0.845,0.155,0.021,0.807,0.804,119,3,1.73,11307,10658,6904,1604,83.09,17.077,2.133,80.96,94.056,1175.0,enable,enable
210775,Alvernia University,305,1,thin,37.2,4341.0,1076.0,Alvernia University,5676,3890,3890,907,1.65,4.0,0.855,0.145,0.001,0.836,0.593,191,3,1.667,18413,17883,7092,1994,85.052,14.745,0.03,85.034,93.836,1159.0,enable,enable
200217,University of Mary,306,1,thin,37.0,4067.0,1232.0,University of Mary,7098,3568,3568,1014,1.75,4.0,0.841,0.159,0.022,0.799,0.423,218,3,1.773,23901,21540,10269,2265,83.565,16.522,2.461,81.148,93.001,1142.0,enable,enable
189088,Bard College,307,1,thin,36.4,7448.0,2194.0,Bard College,8512,6121,6121,1493,1.7,4.0,0.767,0.233,0.029,0.721,0.677,168,3,1.676,19549,17846,10261,1321,76.601,23.713,2.832,73.759,94.305,654.0,enable,enable
212984,Holy Family University,308,1,thin,36.2,4302.0,1193.0,Holy Family University,6261,3863,3863,983,1.86,4.0,0.873,0.127,0.01,0.848,0.53,174,3,1.838,18789,19618,6545,2086,84.212,15.682,1.362,82.792,94.269,1061.0,enable,enable
219046,Black Hills State University,309,1,thin,35.8,3679.0,789.0,Black Hills State University,3767,3268,3268,645,1.8,4.0,0.77,0.23,0.0,0.739,0.793,149,3,1.857,12232,10586,6157,1637,79.259,20.889,0.0,79.259,93.745,1080.0,enable,enable
204617,Ohio Dominican University,312,1,thin,35.4,4085.0,736.0,Ohio Dominican University,6102,3659,3659,592,1.79,4.0,0.86,0.14,0.017,0.828,0.527,151,3,1.806,23652,20618,7685,1921,84.766,15.254,1.766,83.024,94.484,1174.0,enable,enable
192192,Keuka College,313,1,thin,35.2,4164.0,881.0,Keuka College,4492,3740,3740,729,1.78,4.0,0.815,0.185,0.016,0.777,0.719,112,3,1.911,16028,15100,6968,1383,81.783,18.227,2.465,79.286,94.255,894.0,enable,enable
131450,Gallaudet University,314,1,avoid,34.2,2636.0,783.0,Gallaudet University,3468,2194,2194,601,1.77,4.0,0.788,0.212,0.126,0.629,0.513,226,3,1.763,10709,9791,8560,2052,78.598,20.954,11.544,66.935,93.934,1071.0,enable,enable
164632,Bay Path University,316,1,avoid,33.3,4788.0,1527.0,Bay Path University,8113,4305,4305,1294,1.51,4.0,0.824,0.176,0.0,0.803,0.451,183,3,1.509,24515,24303,11313,1872,80.247,19.786,0.001,80.246,92.774,816.0,enable,enable
155511,McPherson College,317,1,avoid,32.7,1898.0,718.0,McPherson College,1322,1288,1288,359,2.02,4.0,0.81,0.19,0.021,0.766,0.901,89,3,2.024,4354,3830,2938,854,82.379,17.695,2.058,80.225,92.911,742.0,enable,enable
176044,Mississippi Valley State University,318,1,avoid,32.6,2352.0,460.0,Mississippi Valley State University,2371,1999,1999,342,1.84,4.0,0.811,0.189,0.045,0.751,0.725,128,3,1.932,8908,7924,5183,1400,80.694,19.26,4.827,75.777,95.381,874.0,enable,enable
233718,Sweet Briar College,319,1,avoid,32.3,1731.0,381.0,Sweet Briar College,1533,1508,1508,279,2.15,4.0,0.844,0.156,0.039,0.79,0.929,99,3,2.164,5181,4762,3698,1063,83.202,16.877,3.846,79.286,95.303,908.0,enable,enable
180948,Chadron State College,321,1,avoid,31.4,2708.0,622.0,Chadron State College,3341,2383,2383,499,2.01,4.0,0.8,0.2,0.0,0.769,0.611,134,3,2.056,11434,10415,7057,1558,77.749,22.207,0.004,77.745,94.063,1001.0,enable,enable
141361,Young Harris College,322,1,avoid,29.1,1535.0,537.0,Young Harris College,1847,1366,1366,437,1.8,4.0,0.833,0.167,0.035,0.78,0.647,98,3,1.68,5068,4612,2853,803,79.974,20.165,3.427,76.506,89.503,513.0,enable,enable
218919,Voorhees University,323,1,avoid,26.7,1038.0,267.0,Voorhees University,840,797,797,155,2.23,4.0,0.827,0.173,0.003,0.8,0.909,88,3,2.361,2883,2565,2004,549,84.227,15.715,0.079,84.154,93.882,437.0,enable,enable
157377,Midway University,324,1,avoid,26.4,1877.0,624.0,Midway University,2373,1615,1615,501,1.73,4.0,0.773,0.227,0.0,0.747,0.59,138,3,1.784,7983,7185,3644,977,76.333,23.859,0.0,76.333,93.376,566.0,enable,enable
482680,University of North Georgia,336,1,avoid,0.0,0.0,0.0,University of North Georgia,20654,15289,15289,5926,1.51,4.0,0.849,0.151,0.024,0.803,0.622,233,3,1.446,43570,41615,13078,2753,83.215,16.906,2.311,80.862,93.197,1141.0,enable,enable
102094,University of South Alabama,337,1,,,,,University of South Alabama,24573,16411,16411,3962,1.62,4.0,0.841,0.159,0.048,0.772,0.583,295,3,1.645,62743,66970,34303,4869,82.342,17.586,4.265,77.959,94.029,2208.0,enable,enable
102614,University of Alaska Fairbanks,338,1,,,,,University of Alaska Fairbanks,8624,5163,5163,1324,1.64,4.0,0.804,0.196,0.009,0.77,0.502,211,3,1.64,28076,24496,16687,4488,77.34,22.563,0.7,76.607,93.473,1840.0,enable,enable
106397,University of Arkansas,340,1,,,,,University of Arkansas,62029,48673,48673,17205,1.51,4.0,0.877,0.123,0.044,0.812,0.653,294,3,1.424,144664,142976,61590,8847,84.912,14.978,5.146,79.759,93.703,2906.0,enable,enable
118693,Menlo College,342,1,,,,,Menlo College,2634,2592,2592,792,1.45,4.0,0.846,0.154,0.023,0.803,0.907,98,3,1.402,7900,7031,3643,577,81.818,18.32,1.888,79.897,93.613,386.0,enable,enable
120403,Otis College of Art and Design,343,1,,,,,Otis College of Art and Design,4347,3861,3861,907,1.41,4.0,0.727,0.273,0.001,0.704,0.834,127,3,1.362,9541,9689,4463,563,71.392,28.706,0.075,71.311,93.958,216.0,enable,enable
127185,Fort Lewis College,344,1,,,,,Fort Lewis College,6747,6611,6611,1291,1.74,4.0,0.775,0.225,0.023,0.728,0.921,131,3,1.745,20634,18419,10105,1888,76.902,23.155,2.159,74.735,93.588,1605.0,enable,enable
130934,Delaware State University,345,1,,,,,Delaware State University,9595,7818,7818,1898,1.43,4.0,0.852,0.148,0.033,0.801,0.719,202,3,1.414,26958,25063,14308,3147,84.331,15.597,3.176,81.089,94.565,1864.0,enable,enable
139940,Georgia State University,347,1,,,,,Georgia State University,85066,59559,59559,20552,1.57,4.0,0.824,0.176,0.001,0.806,0.603,293,3,1.513,196745,190178,56855,9353,80.771,19.322,0.033,80.739,93.529,2145.0,enable,enable
140960,Savannah State University,348,1,,,,,Savannah State University,6356,5527,5527,1241,1.31,4.0,0.824,0.176,0.028,0.78,0.779,159,3,1.31,18663,16465,8367,1793,82.613,17.007,2.828,79.699,93.526,1157.0,enable,enable
144005,Chicago State University,349,1,,,,,Chicago State University,7943,5344,5344,719,1.72,4.0,0.788,0.212,0.021,0.746,0.622,231,3,1.776,25013,22057,9139,2842,78.364,21.671,2.317,75.971,94.51,1474.0,enable,enable
148131,Quincy University,350,1,,,,,Quincy University,2526,1961,1961,357,1.88,4.0,0.839,0.161,0.022,0.797,0.682,128,3,1.9,9141,8541,5077,1429,83.928,15.979,2.095,81.699,94.667,1075.0,enable,enable
149231,Southern Illinois University Edwardsville,351,1,,,,,Southern Illinois University Edwardsville,31390,23683,23683,5564,1.74,4.0,0.871,0.129,0.026,0.83,0.659,286,3,1.73,89695,87656,34187,5425,85.192,14.743,2.864,82.229,94.023,2158.0,enable,enable
151801,Indiana Wesleyan University-Marion,352,1,,,,,Indiana Wesleyan University-Marion,39781,20708,20708,3728,1.62,4.0,0.849,0.151,0.014,0.816,0.46,240,3,1.692,105673,103325,37118,4392,80.33,19.742,3.307,76.968,93.752,2293.0,enable,enable
155681,Pittsburg State University,353,1,,,,,Pittsburg State University,14236,10648,10648,2270,1.63,4.0,0.851,0.149,0.028,0.803,0.658,170,3,1.665,43762,41761,21183,3591,82.83,17.105,2.747,80.106,94.237,1885.0,enable,enable
158802,Dillard University,354,1,,,,,Dillard University,2462,2419,2419,536,1.64,4.0,0.798,0.202,0.017,0.759,0.925,101,3,1.654,7467,6749,4298,1216,79.119,20.629,1.975,77.143,94.253,1079.0,enable,enable
159009,Grambling State University,355,1,,,,,Grambling State University,6369,5404,5404,1123,1.63,4.0,0.814,0.186,0.029,0.761,0.711,186,3,1.677,20871,18798,11148,2333,81.396,18.52,2.774,78.617,94.008,1426.0,enable,enable
164270,McDaniel College,357,1,,,,,McDaniel College,6942,4697,4697,1152,1.55,4.0,0.858,0.142,0.022,0.82,0.601,146,3,1.501,20054,19928,10455,2040,84.64,15.307,2.503,82.038,93.233,1272.0,enable,enable
166638,University of Massachusetts-Boston,358,1,,,,,University of Massachusetts-Boston,35204,24141,24141,7116,1.8,4.0,0.863,0.137,0.021,0.823,0.602,242,3,1.747,93387,92666,32823,5245,83.314,16.688,2.734,80.517,94.084,1984.0,enable,enable
166674,Massachusetts College of Art and Design,359,1,,,,,Massachusetts College of Art and Design,5289,4670,4670,1153,1.58,4.0,0.705,0.295,0.002,0.682,0.819,133,3,1.539,14442,13045,6127,788,70.451,29.311,0.155,70.3,94.131,255.0,enable,enable
168254,Western New England University,360,1,,,,,Western New England University,9678,7651,7651,2038,1.41,4.0,0.901,0.099,0.02,0.865,0.69,229,3,1.369,31452,29474,15463,2792,89.263,10.517,2.899,86.376,93.034,1552.0,enable,enable
175227,Dunwoody College of Technology,363,1,,,,,Dunwoody College of Technology,3701,916,916,473,1.38,4.0,0.888,0.112,0.028,0.843,0.181,119,3,1.262,11089,10585,3162,1446,87.229,12.554,1.654,85.7,91.053,347.0,enable,enable
176080,Mississippi State University,364,1,,,,,Mississippi State University,44426,35505,35505,11520,1.53,4.0,0.861,0.139,0.052,0.793,0.665,290,3,1.477,115754,115446,56489,7496,83.825,16.104,6.25,77.51,93.876,2801.0,enable,enable
176965,University of Central Missouri,365,1,,,,,University of Central Missouri,32723,18189,18189,4053,1.54,4.0,0.852,0.148,0.028,0.805,0.522,166,3,1.562,72636,72244,32453,5515,84.322,15.72,3.247,81.038,93.794,3038.0,enable,enable
180416,Montana Technological University,367,1,,,,,Montana Technological University,2712,2135,2135,341,1.73,4.0,0.883,0.117,0.0,0.863,0.703,156,3,1.737,9492,9370,6072,1444,85.388,14.826,0.0,85.388,95.206,818.0,enable,enable
184612,Felician University,369,1,,,,,Felician University,3962,3173,3173,914,1.94,4.0,0.846,0.154,0.001,0.825,0.709,170,3,1.896,11302,11812,4898,1524,81.591,18.491,0.116,81.458,93.264,860.0,enable,enable
191968,Ithaca College,371,1,,,,,Ithaca College,20953,19284,19284,4416,1.46,4.0,0.84,0.16,0.027,0.793,0.815,229,3,1.413,54085,57871,27459,3526,84.103,15.717,2.77,81.284,94.322,2223.0,enable,enable
197151,School of Visual Arts,372,1,,,,,School of Visual Arts,14319,10678,10678,2395,1.38,4.0,0.674,0.326,0.015,0.64,0.698,163,3,1.367,29093,30063,12743,990,67.159,32.818,1.699,65.434,93.801,137.0,enable,enable
199193,North Carolina State University at Raleigh,373,1,,,,,North Carolina State University at Raleigh,112050,74221,74221,23785,1.48,4.0,0.895,0.105,0.0,0.875,0.565,293,3,1.412,249739,254365,98651,10891,86.704,13.334,0.027,86.677,94.0,2609.0,enable,enable
199607,Salem College,374,1,,,,,Salem College,2209,1971,1971,306,1.66,4.0,0.825,0.175,0.02,0.781,0.833,124,3,1.671,6223,5653,3510,960,83.593,16.729,2.302,81.36,94.79,740.0,enable,enable
199698,St. Andrews University,375,1,,,,,St. Andrews University,9706,3355,3355,899,1.6,4.0,0.866,0.134,0.009,0.837,0.301,175,3,1.657,22299,21686,15122,2458,84.13,15.828,1.136,82.959,93.673,1167.0,enable,enable
201654,Cedarville University,376,1,,,,,Cedarville University,8557,8105,8105,2447,1.5,4.0,0.871,0.129,0.033,0.819,0.864,141,3,1.465,23859,24596,16144,2754,86.405,13.537,3.276,83.088,93.76,2357.0,enable,enable
217013,Wilson College,377,1,,,,,Wilson College,1701,1339,1339,257,1.52,4.0,0.796,0.204,0.021,0.756,0.755,148,3,1.757,3975,3720,2311,748,78.678,21.23,2.139,76.506,94.636,473.0,enable,enable
218724,Coastal Carolina University,378,1,,,,,Coastal Carolina University,20617,19286,19286,5643,1.48,4.0,0.841,0.159,0.027,0.788,0.829,174,3,1.421,54812,54007,25794,2775,82.439,17.67,2.808,79.692,93.148,1581.0,enable,enable
219347,South Dakota School of Mines and Technology,379,1,,,,,South Dakota School of Mines and Technology,2451,1990,1990,511,1.77,4.0,0.908,0.092,0.0,0.886,0.701,155,3,1.702,9375,9272,6721,1341,88.612,11.366,0.013,88.593,93.699,655.0,enable,enable
229160,Texas Wesleyan University,381,1,,,,,Texas Wesleyan University,5237,3642,3642,841,1.7,4.0,0.807,0.193,0.029,0.749,0.623,235,3,1.71,14991,13897,7222,2370,79.564,20.175,3.219,76.418,94.578,1523.0,enable,enable
230816,Bennington College,384,1,,,,,Bennington College,2150,1747,1747,439,1.85,4.0,0.728,0.272,0.037,0.671,0.754,112,3,1.78,5805,4911,4248,994,72.761,27.139,3.477,69.227,93.317,788.0,enable,enable
239017,Lawrence University,385,1,,,,,Lawrence University,4442,4409,4409,1040,1.52,4.0,0.841,0.159,0.028,0.801,0.935,103,3,1.492,12549,12110,7540,1306,85.212,14.676,2.513,82.616,94.018,1183.0,enable,enable
126614,University of Colorado Boulder,390,24,review_match,89.7,120845.0,41290.0,University of Colorado Boulder,113782,83033,83033,24892,1.71,4.0,0.859,0.141,0.0,0.842,0.643,296,3,1.634,253849,273910,92955,9846,84.411,15.562,0.047,84.365,93.59,2259.0,enable,enable
104151,Arizona State University Campus Immersion,391,16,review_match,89.1,235086.0,99577.0,Arizona State University Campus Immersion,241550,171844,171844,65951,1.49,4.0,0.86,0.14,0.026,0.817,0.621,300,3,1.433,405013,425366,155024,15758,84.022,15.95,2.619,81.391,93.681,3641.0,enable,enable
233921,Virginia Polytechnic Institute and State University,392,15,review_match,0.0,0.0,0.0,Virginia Polytechnic Institute and State University,96748,74243,74243,22791,1.63,4.0,0.913,0.087,0.001,0.896,0.657,281,3,1.517,226217,246612,105898,9705,89.038,10.976,0.04,88.994,93.51,2360.0,enable,enable
231624,William & Mary,393,12,review_match,83.3,25708.0,8265.0,William & Mary,11674,8636,8636,1993,1.83,4.0,0.9,0.1,0.022,0.864,0.677,252,3,1.787,33287,33904,17950,2759,88.667,11.485,2.608,86.167,93.982,1377.0,enable,enable
199102,North Carolina A & T State University,397,4,review_match,85.6,24416.0,9127.0,North Carolina A & T State University,25568,20852,20852,6986,1.33,4.0,0.858,0.142,0.0,0.839,0.702,205,3,1.276,61687,56521,29588,4700,84.911,14.934,0.007,84.904,93.777,2322.0,enable,enable
230171,Utah Tech University,402,3,review_match,52.8,7392.0,3559.0,Utah Tech University,7450,4334,4334,1338,1.69,4.0,0.782,0.218,0.009,0.751,0.505,125,3,1.673,21629,18666,8056,1989,76.318,23.854,0.792,75.508,93.125,998.0,enable,enable
166513,University of Massachusetts-Lowell,410,1,review_match,89.3,33103.0,12620.0,University of Massachusetts-Lowell,25982,18104,18104,6537,2.05,4.0,0.892,0.108,0.026,0.842,0.581,256,3,1.931,79508,78189,28433,4984,87.517,12.555,3.131,84.345,93.509,1700.0,enable,enable
106467,Arkansas Tech University,414,1,review_match,54.1,11132.0,2905.0,Arkansas Tech University,12619,9822,9822,2336,1.54,4.0,0.84,0.16,0.039,0.774,0.653,168,3,1.591,40447,36632,15996,3819,82.892,17.011,4.078,78.81,93.992,1950.0,enable,enable
168847,Baker College,415,1,review_match,50.5,13302.0,2860.0,Baker College,12271,7461,7461,2360,1.59,4.0,0.842,0.158,0.012,0.808,0.499,185,3,1.558,36510,33492,14212,3225,83.714,16.477,1.884,81.774,93.838,1033.0,enable,enable
179946,Westminster College,417,1,review_match,44.1,6215.0,1342.0,Westminster College,6054,5739,5739,1133,1.32,4.0,0.871,0.129,0.019,0.834,0.889,138,3,1.325,14806,14318,8791,2071,86.377,13.517,1.74,84.581,94.782,1658.0,enable,enable
221971,Union University,418,1,review_match,40.4,5995.0,1337.0,Union University,8614,5346,5346,1075,1.8,4.0,0.833,0.167,0.023,0.792,0.543,255,3,1.792,24554,24241,13342,2875,81.837,17.926,2.595,79.282,94.133,1760.0,enable,enable
486901,Milligan University,419,1,review_match,31.5,2184.0,642.0,Milligan University,1006,667,667,400,2.0,4.0,0.874,0.126,0.0,0.854,0.54,113,3,1.843,2619,2515,1800,719,87.712,12.119,0.0,87.712,87.81,431.0,enable,enable
155317,University of Kansas,426,13,strong,89.2,56601.0,16728.0,University of Kansas,34822,24715,24715,7036,2.24,4.0,0.881,0.119,0.052,0.81,0.616,294,3,2.137,103829,106069,53709,8611,87.03,13.044,5.814,81.231,93.641,3218.0,enable,enable
193900,New York University,428,13,strong,84.8,115812.0,39621.0,New York University,174297,79409,79409,22852,1.66,4.0,0.83,0.17,0.026,0.784,0.402,299,3,1.595,331425,369840,133113,13921,82.496,17.528,2.792,79.664,94.119,3441.0,enable,enable
170976,University of Michigan-Ann Arbor,429,13,,,,,University of Michigan-Ann Arbor,91079,58461,58461,16603,2.25,4.0,0.892,0.108,0.062,0.813,0.556,294,3,2.12,222948,240348,110732,12026,87.091,12.847,6.496,80.58,93.842,3228.0,enable,enable
104179,University of Arizona,430,11,strong,89.6,184762.0,58285.0,University of Arizona,33607,26046,26046,8168,2.05,4.0,0.867,0.133,0.043,0.806,0.682,290,3,1.967,87678,86580,42245,7757,85.099,14.879,4.573,80.565,93.268,3715.0,enable,enable
190415,Cornell University,431,11,strong,86.5,67634.0,21755.0,Cornell University,91666,55575,55575,15930,1.47,4.0,0.917,0.083,0.035,0.869,0.527,280,3,1.38,198677,214861,105816,10663,89.346,10.621,3.853,85.493,93.942,2901.0,enable,enable
100858,Auburn University,432,10,strong,90.9,69236.0,25539.0,Auburn University,69183,54772,54772,16475,1.54,4.0,0.875,0.125,0.039,0.819,0.683,300,3,1.463,172537,181551,83138,9620,85.038,15.006,4.605,80.415,93.827,3338.0,enable,enable
153603,Iowa State University,434,9,strong,91.4,76897.0,24449.0,Iowa State University,72647,58885,58885,16197,1.75,4.0,0.894,0.106,0.038,0.837,0.707,291,3,1.673,183572,191862,82844,9956,86.839,13.118,4.186,82.625,93.868,3035.0,enable,enable
100751,The University of Alabama,435,9,strong,90.9,83138.0,30613.0,The University of Alabama,86137,71427,71427,23538,1.53,4.0,0.871,0.129,0.044,0.81,0.69,291,3,1.443,199847,212079,88000,8937,84.111,15.997,5.244,78.956,93.741,2652.0,enable,enable
155399,Kansas State University,436,9,strong,90.0,46562.0,12661.0,Kansas State University,56211,41676,41676,10323,1.54,4.0,0.868,0.132,0.04,0.809,0.648,298,3,1.511,144246,145296,71297,9542,85.456,14.508,4.41,80.999,94.048,3537.0,enable,enable
132903,University of Central Florida,437,8,strong,91.9,175897.0,63411.0,University of Central Florida,175140,148108,148108,49369,1.63,4.0,0.864,0.136,0.022,0.824,0.723,273,3,1.564,352864,371034,107894,9967,84.753,15.264,2.575,82.148,93.807,2137.0,enable,enable
229115,Texas Tech University,438,8,strong,90.4,82401.0,27708.0,Texas Tech University,80570,62645,62645,18835,1.67,4.0,0.865,0.135,0.04,0.803,0.669,292,3,1.6,183907,194331,74144,10628,84.465,15.49,4.409,80.09,93.816,3124.0,enable,enable
139755,Georgia Institute of Technology-Main Campus,439,8,strong,87.8,64904.0,24851.0,Georgia Institute of Technology-Main Campus,110840,53918,53918,17832,1.28,4.0,0.93,0.07,0.06,0.858,0.43,250,3,1.19,192288,201112,88639,6664,89.592,10.676,5.603,84.003,93.608,1405.0,enable,enable
136172,University of North Florida,440,7,strong,91.1,42281.0,13392.0,University of North Florida,44177,36616,36616,10743,1.73,4.0,0.866,0.134,0.023,0.819,0.731,251,3,1.682,115537,109659,38091,5507,84.949,15.079,2.589,82.304,93.739,1863.0,enable,enable
171100,Michigan State University,443,7,strong,90.0,124610.0,37561.0,Michigan State University,128430,101795,101795,26456,1.63,4.0,0.882,0.118,0.039,0.826,0.698,290,3,1.565,286882,310750,123223,13534,85.88,14.145,4.587,81.262,94.033,3935.0,enable,enable
234030,Virginia Commonwealth University,444,7,strong,89.7,64447.0,20330.0,Virginia Commonwealth University,69831,51979,51979,14683,1.71,4.0,0.851,0.149,0.052,0.782,0.646,298,3,1.664,172332,171357,61280,7992,84.137,15.896,4.881,79.186,93.816,2060.0,enable,enable
243780,Purdue University-Main Campus,445,7,strong,89.5,127216.0,45700.0,Purdue University-Main Campus,142244,102347,102347,32640,1.43,4.0,0.901,0.099,0.04,0.846,0.63,300,3,1.373,284453,307740,147912,13237,86.912,13.0,4.131,82.764,93.922,4153.0,enable,enable
232423,James Madison University,447,6,strong,92.8,63900.0,20376.0,James Madison University,60690,55981,55981,16263,1.55,4.0,0.896,0.104,0.021,0.857,0.81,244,3,1.481,138459,149638,52669,4854,88.051,11.998,1.946,86.125,93.742,1983.0,enable,enable
238032,West Virginia University,450,6,strong,89.9,56584.0,16855.0,West Virginia University,63791,47797,47797,12691,1.54,4.0,0.87,0.13,0.042,0.81,0.626,300,3,1.502,166830,172613,83160,9586,85.072,14.953,4.965,80.059,93.579,2745.0,enable,enable
147767,Northwestern University,452,6,strong,84.3,39913.0,12555.0,Northwestern University,69813,33671,33671,9648,1.58,4.0,0.895,0.105,0.041,0.841,0.431,300,3,1.525,155809,165998,75407,10297,86.102,13.806,4.175,81.983,93.956,3061.0,enable,enable
144050,University of Chicago,453,6,strong,80.5,26509.0,9493.0,University of Chicago,15487,7368,7368,2334,2.02,4.0,0.909,0.091,0.052,0.843,0.414,230,3,1.891,38142,40336,21828,4248,88.068,12.024,4.812,83.342,93.708,1547.0,enable,enable
199218,University of North Carolina Wilmington,454,5,strong,92.1,42899.0,14202.0,University of North Carolina Wilmington,44798,37556,37556,11695,1.66,4.0,0.85,0.15,0.0,0.829,0.736,208,3,1.6,106710,106715,42079,4734,82.537,17.521,0.027,82.508,93.688,2007.0,enable,enable
433660,Florida Gulf Coast University,457,5,strong,90.8,28497.0,11213.0,Florida Gulf Coast University,29541,24718,24718,8841,1.58,4.0,0.848,0.152,0.024,0.804,0.722,212,3,1.498,74196,73171,27766,4458,82.716,17.212,2.904,79.875,93.179,2154.0,enable,enable
129020,University of Connecticut,458,5,strong,89.7,72610.0,24092.0,University of Connecticut,47741,36304,36304,11349,2.22,4.0,0.89,0.11,0.037,0.834,0.651,298,3,2.121,131411,136427,58524,9342,87.167,12.872,3.949,83.25,93.98,3229.0,enable,enable
209542,Oregon State University,460,4,strong,91.3,66833.0,26397.0,Oregon State University,70412,57126,57126,20088,1.57,4.0,0.871,0.129,0.004,0.847,0.704,289,3,1.489,163583,165854,70774,8961,84.378,15.592,0.319,84.058,93.796,3407.0,enable,enable
228875,Texas Christian University,461,4,strong,90.9,31368.0,10812.0,Texas Christian University,29955,25467,25467,7991,1.47,4.0,0.872,0.128,0.025,0.828,0.746,247,3,1.378,70688,72528,30281,5026,85.242,14.798,2.507,82.667,93.732,2580.0,enable,enable
232982,Old Dominion University,463,4,strong,89.8,45956.0,13582.0,Old Dominion University,52226,39807,39807,10703,1.66,4.0,0.863,0.137,0.022,0.821,0.664,252,3,1.648,127424,126037,51226,6594,84.52,15.533,2.278,82.257,94.043,2176.0,enable,enable
195003,Rochester Institute of Technology,464,4,strong,89.6,44882.0,14279.0,Rochester Institute of Technology,52532,38079,38079,10291,1.3,4.0,0.873,0.127,0.029,0.828,0.635,208,3,1.25,128339,128010,67932,7467,85.558,14.477,3.376,82.155,93.839,2972.0,enable,enable
151351,Indiana University-Bloomington,466,4,strong,89.4,144764.0,46355.0,Indiana University-Bloomington,133098,104230,104230,28405,1.77,4.0,0.866,0.134,0.03,0.818,0.692,300,3,1.722,296625,321315,115494,11129,84.241,15.722,4.004,80.123,93.599,2511.0,enable,enable
139931,Georgia Southern University,467,3,strong,91.6,51643.0,15142.0,Georgia Southern University,46666,39310,39310,11632,1.44,4.0,0.856,0.144,0.001,0.837,0.735,251,3,1.395,114719,115413,41640,5818,83.133,16.732,0.068,83.065,94.002,2544.0,enable,enable
236939,Washington State University,468,3,strong,91.3,68591.0,22227.0,Washington State University,65158,52589,52589,14376,1.75,4.0,0.872,0.128,0.033,0.82,0.723,297,3,1.722,164482,168381,68351,9213,86.019,13.92,4.521,81.49,93.847,3132.0,enable,enable
122409,San Diego State University,469,3,strong,90.7,102578.0,35580.0,San Diego State University,110804,88861,88861,27766,1.71,4.0,0.86,0.14,0.02,0.822,0.706,255,3,1.656,246854,261427,76490,8507,84.024,16.078,2.552,81.497,93.758,2553.0,enable,enable
142115,Boise State University,471,3,strong,90.5,37566.0,14153.0,Boise State University,42890,33368,33368,11750,1.57,4.0,0.851,0.149,0.036,0.796,0.669,217,3,1.512,107699,102945,40308,6043,82.614,17.576,3.925,78.655,93.916,2394.0,enable,enable
220978,Middle Tennessee State University,472,3,strong,90.5,48506.0,13187.0,Middle Tennessee State University,50652,43407,43407,10885,1.52,4.0,0.831,0.169,0.019,0.795,0.759,209,3,1.502,129181,120978,40999,6080,81.671,18.23,2.118,79.596,93.699,2872.0,enable,enable
126818,Colorado State University-Fort Collins,473,3,strong,90.0,78497.0,24635.0,Colorado State University-Fort Collins,95043,69459,69459,19685,1.59,4.0,0.853,0.147,0.0,0.834,0.642,300,3,1.548,218717,222977,87243,10281,82.817,17.116,0.049,82.777,93.832,3080.0,enable,enable
204857,Ohio University-Main Campus,474,3,strong,89.5,66066.0,17455.0,Ohio University-Main Campus,79785,58233,58233,14223,1.81,4.0,0.877,0.123,0.0,0.859,0.647,295,3,1.781,184271,200742,83028,10283,85.713,14.329,0.022,85.695,93.855,3883.0,enable,enable
153658,University of Iowa,475,3,strong,89.3,65134.0,20638.0,University of Iowa,22738,17728,17728,5142,1.96,4.0,0.879,0.121,0.06,0.797,0.692,281,3,1.904,61618,61117,27599,5435,85.559,14.442,6.455,79.142,93.943,2587.0,enable,enable
190150,Columbia University in the City of New York,476,3,strong,83.3,43458.0,14231.0,Columbia University in the City of New York,110325,33451,33451,10498,1.54,4.0,0.88,0.12,0.0,0.862,0.269,297,3,1.462,218232,236285,102144,11836,85.706,14.275,0.045,85.661,94.069,3117.0,enable,enable
236948,University of Washington-Seattle Campus,477,3,,,,,University of Washington-Seattle Campus,107959,72149,72149,19762,2.02,4.0,0.88,0.12,0.043,0.819,0.59,300,3,1.949,265952,265316,98541,13271,85.82,14.157,4.246,81.591,94.054,3571.0,enable,enable
228459,Texas State University,478,2,strong,91.1,86875.0,28045.0,Texas State University,90338,76208,76208,21979,1.52,4.0,0.856,0.144,0.022,0.803,0.743,242,3,1.475,201594,207157,56095,8063,83.898,16.001,2.537,81.378,93.955,2862.0,enable,enable
176017,University of Mississippi,479,2,strong,91.0,44038.0,15112.0,University of Mississippi,45777,36999,36999,11530,1.59,4.0,0.852,0.148,0.047,0.786,0.674,299,3,1.545,111793,117494,55851,7161,82.485,17.5,4.952,77.531,93.689,2645.0,enable,enable
223232,Baylor University,480,2,strong,90.8,46881.0,16305.0,Baylor University,45152,36067,36067,11040,1.59,4.0,0.873,0.127,0.037,0.817,0.703,289,3,1.492,105668,109804,49428,7267,86.127,13.889,3.781,82.294,93.85,3213.0,enable,enable
130943,University of Delaware,481,2,strong,90.5,60825.0,19237.0,University of Delaware,63991,50768,50768,14888,1.65,4.0,0.897,0.103,0.027,0.851,0.698,248,3,1.586,154482,166700,69764,9672,87.269,12.695,3.224,84.035,93.794,3240.0,enable,enable
207388,Oklahoma State University-Main Campus,482,2,strong,89.9,55507.0,16498.0,Oklahoma State University-Main Campus,23495,17543,17543,4651,2.13,4.0,0.851,0.149,0.036,0.796,0.652,271,3,2.064,71654,67909,31451,6287,82.792,17.247,3.88,78.99,94.038,2931.0,enable,enable
196097,Stony Brook University,483,2,strong,89.2,52995.0,19031.0,Stony Brook University,63496,43730,43730,13555,1.82,4.0,0.867,0.133,0.018,0.828,0.587,299,3,1.768,144733,152440,54054,7955,85.049,14.953,1.297,83.765,93.824,2319.0,enable,enable
230764,University of Utah,484,2,strong,89.1,67991.0,21782.0,University of Utah,72575,52752,52752,14860,1.74,4.0,0.856,0.144,0.025,0.809,0.632,300,3,1.691,191404,181710,65216,10739,84.314,15.713,2.241,82.061,93.607,3018.0,enable,enable
166027,Harvard University,485,2,strong,83.1,43861.0,15808.0,Harvard University,66705,28371,28371,8258,1.55,4.0,0.86,0.14,0.03,0.814,0.375,299,3,1.556,140555,141609,85418,10411,82.282,17.804,2.94,79.384,93.971,2617.0,enable,enable
217819,College of Charleston,486,1,strong,92.7,32870.0,9487.0,College of Charleston,31309,28820,28820,7413,1.54,4.0,0.84,0.16,0.017,0.803,0.841,156,3,1.495,81486,82059,33701,3480,82.606,17.507,2.255,80.336,93.402,1767.0,enable,enable
366711,California State University-San Marcos,487,1,strong,92.2,31272.0,11819.0,California State University-San Marcos,29080,26343,26343,9315,1.78,4.0,0.863,0.137,0.0,0.844,0.812,171,3,1.712,71646,72996,19414,2842,84.992,15.118,0.038,84.951,93.298,1367.0,enable,enable
164076,Towson University,488,1,strong,91.3,54721.0,16433.0,Towson University,57308,49188,49188,13399,1.65,4.0,0.865,0.135,0.015,0.832,0.767,253,3,1.616,143045,146394,43817,5936,84.622,15.397,2.019,82.608,93.895,2516.0,enable,enable
228723,Texas A&M University-College Station,493,1,strong,90.1,175162.0,63911.0,Texas A&M University-College Station,123144,90765,90765,29218,2.05,4.0,0.898,0.102,0.044,0.829,0.631,297,3,1.935,298203,312156,118113,13491,87.103,12.941,4.521,82.598,93.574,3712.0,enable,enable
216339,Temple University,494,1,strong,89.6,91140.0,28826.0,Temple University,78653,63378,63378,17646,1.73,4.0,0.845,0.155,0.026,0.801,0.725,300,3,1.682,187002,196526,66128,10241,83.457,16.515,2.885,80.637,93.678,2847.0,enable,enable
185590,Montclair State University,495,1,strong,89.3,48796.0,16350.0,Montclair State University,54366,43077,43077,13154,1.59,4.0,0.833,0.167,0.02,0.79,0.692,236,3,1.543,126041,133526,32911,5653,81.135,19.004,1.939,79.119,93.502,2140.0,enable,enable
198419,Duke University,496,1,strong,85.3,31097.0,10573.0,Duke University,45453,25707,25707,7903,1.69,4.0,0.913,0.087,0.044,0.858,0.498,293,3,1.603,100334,107031,58545,6996,88.35,11.676,4.566,83.789,93.694,1956.0,enable,enable
123961,University of Southern California,497,1,strong,85.2,89402.0,30307.0,University of Southern California,48827,20282,20282,6124,2.02,4.0,0.848,0.152,0.029,0.801,0.365,296,3,1.921,114107,116723,50097,8243,82.808,17.318,3.6,79.303,93.822,2775.0,enable,enable
217156,Brown University,498,1,strong,84.8,26362.0,8745.0,Brown University,31320,22153,22153,6928,1.56,4.0,0.898,0.102,0.034,0.85,0.619,247,3,1.47,74023,79277,43030,6822,87.613,12.486,3.112,84.498,94.078,2894.0,enable,enable
243744,Stanford University,499,1,strong,84.1,38664.0,11437.0,Stanford University,75554,31057,31057,8049,1.42,4.0,0.896,0.104,0.074,0.81,0.324,281,3,1.37,166890,172077,84479,9556,85.926,13.989,6.132,79.697,93.635,2484.0,enable,enable
130794,Yale University,500,1,strong,81.9,26486.0,8466.0,Yale University,11818,6680,6680,2065,1.87,4.0,0.897,0.103,0.041,0.841,0.495,230,3,1.769,29238,30571,19345,4218,87.978,12.195,4.235,83.83,93.907,1717.0,enable,enable
186131,Princeton University,501,1,strong,77.9,19687.0,6483.0,Princeton University,27171,16700,16700,5037,1.41,4.0,0.911,0.089,0.028,0.869,0.53,246,3,1.334,61470,65742,39007,5612,88.677,11.327,2.581,86.098,94.275,1889.0,enable,enable
215062,University of Pennsylvania,502,1,,,,,University of Pennsylvania,22233,10280,10280,2977,1.78,4.0,0.912,0.088,0.051,0.849,0.41,277,3,1.698,52609,56195,30098,6116,89.622,10.572,5.226,84.428,94.063,2174.0,enable,enable
179867,Washington University in St Louis,1,20,strong,86.4,30220.0,10254.0,,0,0,0,0,,,,,,,,0,0,,0,0,0,0,,,,,,0.0,missing_from_export,holdout_missing_or_incomplete
489779,Purdue University Global,2,18,strong,87.2,59567.0,21699.0,Purdue University Global,6,4,4,1,1.76,3.3,1.0,0.0,0.0,1.0,0.769,13,3,1.9,17,17,17,17,100.0,0.0,0.0,100.0,100.0,14.0,large_error_risk_low_bachelor_n,holdout_large_error_risk_tiny_n
110714,University of California-Santa Cruz,4,15,strong,92.4,58998.0,19236.0,,0,0,0,0,,,,,,,,0,0,,0,0,0,0,,,,,,0.0,missing_from_export,holdout_missing_or_incomplete
126562,University of Colorado Denver/Anschutz Medical Campus,5,14,,,,,,0,0,0,0,,,,,,,,0,0,,0,0,0,0,,,,,,0.0,missing_from_export,holdout_missing_or_incomplete
133951,Florida International University,7,10,strong,90.0,127198.0,50580.0,,0,0,0,0,,,,,,,,0,0,,0,0,0,0,,,,,,0.0,missing_from_export,holdout_missing_or_incomplete
240268,University of Wisconsin-Eau Claire,12,9,,,,,,0,0,0,0,,,,,,,,0,0,,0,0,0,0,,,,,,0.0,missing_from_export,holdout_missing_or_incomplete
186380,Rutgers University-New Brunswick,13,8,strong,89.6,34738.0,20651.0,,0,0,0,0,,,,,,,,0,0,,0,0,0,0,,,,,,0.0,missing_from_export,holdout_missing_or_incomplete
228769,The University of Texas at Arlington,15,8,strong,88.3,71452.0,25329.0,The University of Texas at Arlington,3,3,3,0,3.08,3.69,1.0,0.0,0.0,1.0,0.857,7,3,2.857,14,14,14,14,100.0,0.0,0.0,100.0,85.714,14.0,large_error_risk_low_bachelor_n,holdout_large_error_risk_tiny_n
180461,Montana State University,17,8,strong,86.1,25021.0,8582.0,Montana State University,2,1,1,0,3.83,3.83,0.0,1.0,0.0,0.0,0.375,8,3,4.0,11,11,11,11,0.0,100.0,0.0,0.0,100.0,6.0,large_error_risk_low_bachelor_n,holdout_large_error_risk_tiny_n
127741,University of Northern Colorado,22,7,usable,71.4,20793.0,4678.0,University of Northern Colorado,1,0,0,0,,,,,,,0.0,2,0,,2,2,2,2,,,,,,0.0,large_error_risk_low_bachelor_n,holdout_large_error_risk_tiny_n
196079,Binghamton University,23,6,strong,90.8,48472.0,17035.0,,0,0,0,0,,,,,,,,0,0,,0,0,0,0,,,,,,0.0,missing_from_export,holdout_missing_or_incomplete
145637,University of Illinois Urbana-Champaign,24,6,strong,88.8,124476.0,40156.0,University of Illinois Urbana-Champaign,2,0,0,0,,,,,,,0.0,3,0,,6,6,6,6,,,,,,0.0,large_error_risk_low_bachelor_n,holdout_large_error_risk_tiny_n
201885,University of Cincinnati-Main Campus,25,6,strong,88.5,77714.0,30634.0,University of Cincinnati-Main Campus,1,1,1,0,1.0,1.0,0.667,0.333,0.0,0.667,1.0,3,3,1.0,3,3,3,3,66.667,33.333,0.0,66.667,100.0,3.0,large_error_risk_low_bachelor_n,holdout_large_error_risk_tiny_n
221740,The University of Tennessee-Chattanooga,27,6,strong,81.4,22205.0,7492.0,,0,0,0,0,,,,,,,,0,0,,0,0,0,0,,,,,,0.0,missing_from_export,holdout_missing_or_incomplete
127820,Pikes Peak State College,34,6,avoid,16.9,537.0,286.0,,0,0,0,0,,,,,,,,0,0,,0,0,0,0,,,,,,0.0,missing_from_export,holdout_missing_or_incomplete
110556,California State University-Fresno,35,6,avoid,-6.2,1.0,0.0,,0,0,0,0,,,,,,,,0,0,,0,0,0,0,,,,,,0.0,missing_from_export,holdout_missing_or_incomplete
475741,Chamberlain University-Indiana,38,6,,,,,,0,0,0,0,,,,,,,,0,0,,0,0,0,0,,,,,,0.0,missing_from_export,holdout_missing_or_incomplete
199120,University of North Carolina at Chapel Hill,39,5,strong,89.1,71250.0,24568.0,,0,0,0,0,,,,,,,,0,0,,0,0,0,0,,,,,,0.0,missing_from_export,holdout_missing_or_incomplete
433387,Western Governors University,40,5,strong,86.8,161697.0,105216.0,Western Governors University,9,6,6,0,1.59,4.0,0.923,0.077,0.0,0.846,0.684,17,3,1.692,24,24,24,22,92.857,7.143,0.0,92.857,100.0,14.0,large_error_risk_low_bachelor_n,holdout_large_error_risk_tiny_n
192819,Marist University,49,5,thin,40.8,5729.0,1681.0,,0,0,0,0,,,,,,,,0,0,,0,0,0,0,,,,,,0.0,missing_from_export,holdout_missing_or_incomplete
196060,University at Albany,50,5,avoid,0.0,0.0,0.0,,0,0,0,0,,,,,,,,0,0,,0,0,0,0,,,,,,0.0,missing_from_export,holdout_missing_or_incomplete
384254,Beacon College,53,5,,,,,Beacon College,565,488,488,243,1.85,4.0,0.756,0.244,0.105,0.641,0.761,107,3,1.926,1449,1213,1194,432,73.976,25.559,9.089,64.987,91.776,293.0,large_error_risk_low_bachelor_n,enable_borderline_small_school
445188,University of California-Merced,54,5,,,,,,0,0,0,0,,,,,,,,0,0,,0,0,0,0,,,,,,0.0,missing_from_export,holdout_missing_or_incomplete
190512,CUNY Bernard M Baruch College,56,4,strong,88.7,47938.0,17856.0,CUNY Bernard M Baruch College,3,2,2,2,1.86,2.72,0.75,0.25,0.0,0.5,0.8,3,2,2.0,7,7,6,5,93.75,6.25,0.0,93.75,100.0,4.0,large_error_risk_low_bachelor_n,holdout_large_error_risk_tiny_n
196006,SUNY College of Technology at Alfred,69,4,thin,39.2,4185.0,1521.0,SUNY College of Technology at Alfred,1,1,1,0,2.5,2.5,1.0,0.0,0.0,1.0,1.0,3,3,3.0,6,6,6,6,100.0,0.0,0.0,100.0,100.0,6.0,large_error_risk_low_bachelor_n,holdout_large_error_risk_tiny_n
193016,Mercy University,70,4,avoid,0.0,0.0,0.0,,0,0,0,0,,,,,,,,0,0,,0,0,0,0,,,,,,0.0,missing_from_export,holdout_missing_or_incomplete
110486,California State University-Bakersfield,71,4,,,,,,0,0,0,0,,,,,,,,0,0,,0,0,0,0,,,,,,0.0,missing_from_export,holdout_missing_or_incomplete
224147,Texas A & M University-Corpus Christi,74,4,,,,,,0,0,0,0,,,,,,,,0,0,,0,0,0,0,,,,,,0.0,missing_from_export,holdout_missing_or_incomplete
476072,Herzing University,76,4,,,,,,0,0,0,0,,,,,,,,0,0,,0,0,0,0,,,,,,0.0,missing_from_export,holdout_missing_or_incomplete
199148,University of North Carolina at Greensboro,77,3,strong,90.3,38908.0,12459.0,,0,0,0,0,,,,,,,,0,0,,0,0,0,0,,,,,,0.0,missing_from_export,holdout_missing_or_incomplete
122755,San Jose State University,78,3,strong,88.8,89818.0,31998.0,San Jose State University,2,1,1,0,1.0,1.0,1.0,0.0,0.0,1.0,0.5,2,1,1.0,2,2,2,2,100.0,0.0,0.0,100.0,100.0,1.0,large_error_risk_low_bachelor_n,holdout_large_error_risk_tiny_n
157951,Western Kentucky University,81,3,strong,87.8,31035.0,9066.0,Western Kentucky University,1,0,0,0,,,,,,,0.0,1,0,,2,2,2,2,,,,,,0.0,large_error_risk_low_bachelor_n,holdout_large_error_risk_tiny_n
190637,CUNY Lehman College,90,3,strong,76.5,20893.0,8329.0,,0,0,0,0,,,,,,,,0,0,,0,0,0,0,,,,,,0.0,missing_from_export,holdout_missing_or_incomplete
190558,College of Staten Island CUNY,96,3,usable,61.9,11836.0,4290.0,College of Staten Island CUNY,261,197,197,18,2.45,4.0,0.73,0.27,0.0,0.711,0.717,125,3,2.571,1065,969,659,464,74.457,25.521,0.0,74.457,96.689,302.0,large_error_risk_low_bachelor_n,enable_borderline_small_school
217864,Citadel Military College of South Carolina,104,3,thin,51.6,8901.0,2803.0,,0,0,0,0,,,,,,,,0,0,,0,0,0,0,,,,,,0.0,missing_from_export,holdout_missing_or_incomplete
224615,Dallas College,115,3,avoid,26.3,1535.0,782.0,,0,0,0,0,,,,,,,,0,0,,0,0,0,0,,,,,,0.0,missing_from_export,holdout_missing_or_incomplete
126289,Arapahoe Community College,117,3,avoid,16.1,415.0,229.0,,0,0,0,0,,,,,,,,0,0,,0,0,0,0,,,,,,0.0,missing_from_export,holdout_missing_or_incomplete
486840,Kennesaw State University,120,3,avoid,0.0,0.0,0.0,,0,0,0,0,,,,,,,,0,0,,0,0,0,0,,,,,,0.0,missing_from_export,holdout_missing_or_incomplete
110705,University of California-Santa Barbara,121,3,,,,,,0,0,0,0,,,,,,,,0,0,,0,0,0,0,,,,,,0.0,missing_from_export,holdout_missing_or_incomplete
187985,University of New Mexico-Main Campus,126,3,,,,,University of New Mexico-Main Campus,2,1,1,0,1.0,1.0,0.0,1.0,0.0,0.0,0.5,6,3,1.0,9,9,9,9,0.0,100.0,0.0,0.0,100.0,3.0,large_error_risk_low_bachelor_n,holdout_large_error_risk_tiny_n
215293,University of Pittsburgh-Pittsburgh Campus,127,3,,,,,University of Pittsburgh-Pittsburgh Campus,2,2,2,1,1.85,2.69,1.0,0.0,0.0,1.0,1.0,4,3,2.0,6,6,6,6,100.0,0.0,0.0,100.0,100.0,6.0,large_error_risk_low_bachelor_n,holdout_large_error_risk_tiny_n
441663,Institute of Technology,128,3,,,,,,0,0,0,0,,,,,,,,0,0,,0,0,0,0,,,,,,0.0,missing_from_export,holdout_missing_or_incomplete
110671,University of California-Riverside,129,2,strong,92.1,59363.0,21709.0,,0,0,0,0,,,,,,,,0,0,,0,0,0,0,,,,,,0.0,missing_from_export,holdout_missing_or_incomplete
227368,The University of Texas Rio Grande Valley,133,2,strong,86.6,29250.0,9836.0,,0,0,0,0,,,,,,,,0,0,,0,0,0,0,,,,,,0.0,missing_from_export,holdout_missing_or_incomplete
141574,University of Hawaii at Manoa,134,2,strong,83.8,28319.0,8698.0,,0,0,0,0,,,,,,,,0,0,,0,0,0,0,,,,,,0.0,missing_from_export,holdout_missing_or_incomplete
181394,University of Nebraska at Omaha,135,2,strong,82.1,26386.0,8360.0,University of Nebraska at Omaha,1,1,1,0,2.5,2.5,1.0,0.0,0.0,1.0,1.0,3,3,3.0,6,6,6,6,100.0,0.0,0.0,100.0,100.0,6.0,large_error_risk_low_bachelor_n,holdout_large_error_risk_tiny_n
450933,Columbia Southern University,136,2,strong,80.4,31210.0,10787.0,Columbia Southern University,1,0,0,0,,,,,,,0.0,1,0,,1,1,1,1,,,,,,0.0,large_error_risk_low_bachelor_n,holdout_large_error_risk_tiny_n
409698,California State University-Monterey Bay,143,2,usable,73.0,16215.0,6215.0,,0,0,0,0,,,,,,,,0,0,,0,0,0,0,,,,,,0.0,missing_from_export,holdout_missing_or_incomplete
240277,University of Wisconsin-Green Bay,147,2,usable,66.5,14080.0,4219.0,,0,0,0,0,,,,,,,,0,0,,0,0,0,0,,,,,,0.0,missing_from_export,holdout_missing_or_incomplete
174844,St Olaf College,156,2,usable,56.4,10808.0,3009.0,St Olaf College,1,1,1,1,1.0,1.0,0.0,1.0,0.0,0.0,1.0,1,1,1.0,1,1,1,1,0.0,100.0,0.0,0.0,100.0,1.0,large_error_risk_low_bachelor_n,holdout_large_error_risk_tiny_n
152318,Rose-Hulman Institute of Technology,160,2,thin,48.9,8127.0,2370.0,,0,0,0,0,,,,,,,,0,0,,0,0,0,0,,,,,,0.0,missing_from_export,holdout_missing_or_incomplete
484905,University of North Texas at Dallas,167,2,thin,42.3,4117.0,2494.0,,0,0,0,0,,,,,,,,0,0,,0,0,0,0,,,,,,0.0,missing_from_export,holdout_missing_or_incomplete
214157,Moravian University,169,2,thin,41.9,5595.0,1710.0,,0,0,0,0,,,,,,,,0,0,,0,0,0,0,,,,,,0.0,missing_from_export,holdout_missing_or_incomplete
148654,University of Illinois Springfield,172,2,thin,40.0,7488.0,1960.0,,0,0,0,0,,,,,,,,0,0,,0,0,0,0,,,,,,0.0,missing_from_export,holdout_missing_or_incomplete
227182,Lone Star College System,181,2,avoid,32.9,2657.0,1702.0,,0,0,0,0,,,,,,,,0,0,,0,0,0,0,,,,,,0.0,missing_from_export,holdout_missing_or_incomplete
127945,Rocky Mountain College of Art and Design,184,2,avoid,28.4,2849.0,1297.0,,0,0,0,0,,,,,,,,0,0,,0,0,0,0,,,,,,0.0,missing_from_export,holdout_missing_or_incomplete
160630,Southern University at New Orleans,186,2,avoid,28.2,2026.0,455.0,,0,0,0,0,,,,,,,,0,0,,0,0,0,0,,,,,,0.0,missing_from_export,holdout_missing_or_incomplete
121619,Santa Ana College,189,2,avoid,19.3,458.0,240.0,,0,0,0,0,,,,,,,,0,0,,0,0,0,0,,,,,,0.0,missing_from_export,holdout_missing_or_incomplete
141565,University of Hawaii at Hilo,193,2,avoid,0.0,0.0,0.0,,0,0,0,0,,,,,,,,0,0,,0,0,0,0,,,,,,0.0,missing_from_export,holdout_missing_or_incomplete
219000,Augustana University,194,2,avoid,0.0,0.0,0.0,,0,0,0,0,,,,,,,,0,0,,0,0,0,0,,,,,,0.0,missing_from_export,holdout_missing_or_incomplete
105516,University of Phoenix-Phoenix Campus,195,2,,,,,,0,0,0,0,,,,,,,,0,0,,0,0,0,0,,,,,,0.0,missing_from_export,holdout_missing_or_incomplete
171483,Northwestern Michigan College,200,2,,,,,,0,0,0,0,,,,,,,,0,0,,0,0,0,0,,,,,,0.0,missing_from_export,holdout_missing_or_incomplete
181464,University of Nebraska-Lincoln,201,2,,,,,,0,0,0,0,,,,,,,,0,0,,0,0,0,0,,,,,,0.0,missing_from_export,holdout_missing_or_incomplete
215275,University of Pittsburgh-Greensburg,203,2,,,,,,0,0,0,0,,,,,,,,0,0,,0,0,0,0,,,,,,0.0,missing_from_export,holdout_missing_or_incomplete
226152,Texas A & M International University,205,2,,,,,,0,0,0,0,,,,,,,,0,0,,0,0,0,0,,,,,,0.0,missing_from_export,holdout_missing_or_incomplete
228149,St. Mary's University,206,2,,,,,,0,0,0,0,,,,,,,,0,0,,0,0,0,0,,,,,,0.0,missing_from_export,holdout_missing_or_incomplete
228705,Texas A&M University-Kingsville,207,2,,,,,,0,0,0,0,,,,,,,,0,0,,0,0,0,0,,,,,,0.0,missing_from_export,holdout_missing_or_incomplete
240453,University of Wisconsin-Milwaukee,210,2,,,,,University of Wisconsin-Milwaukee,1,0,0,0,,,,,,,0.0,0,0,,0,0,0,0,,,,,,0.0,missing_aggregates,holdout_missing_or_incomplete
413680,Spartan College of Aeronautics & Technology,211,2,,,,,,0,0,0,0,,,,,,,,0,0,,0,0,0,0,,,,,,0.0,missing_from_export,holdout_missing_or_incomplete
428453,Minnesota State Colleges and Universities System Office,212,2,,,,,,0,0,0,0,,,,,,,,0,0,,0,0,0,0,,,,,,0.0,missing_from_export,holdout_missing_or_incomplete
145600,University of Illinois Chicago,216,1,strong,87.8,59046.0,22069.0,University of Illinois Chicago,2,0,0,0,,,,,,,0.0,5,0,,7,7,7,7,,,,,,0.0,large_error_risk_low_bachelor_n,holdout_large_error_risk_tiny_n
228796,The University of Texas at El Paso,217,1,strong,87.8,29914.0,10122.0,,0,0,0,0,,,,,,,,0,0,,0,0,0,0,,,,,,0.0,missing_from_export,holdout_missing_or_incomplete
190594,CUNY Hunter College,219,1,strong,87.6,34966.0,12691.0,CUNY Hunter College,1,0,0,0,,,,,,,0.0,1,0,,1,1,1,1,,,,,,0.0,large_error_risk_low_bachelor_n,holdout_large_error_risk_tiny_n
110592,California State University-Los Angeles,220,1,strong,87.2,42707.0,15250.0,,0,0,0,0,,,,,,,,0,0,,0,0,0,0,,,,,,0.0,missing_from_export,holdout_missing_or_incomplete
110574,California State University-East Bay,225,1,strong,85.9,37676.0,12084.0,,0,0,0,0,,,,,,,,0,0,,0,0,0,0,,,,,,0.0,missing_from_export,holdout_missing_or_incomplete
220862,University of Memphis,226,1,strong,85.1,33805.0,9736.0,University of Memphis,3,2,2,0,1.91,2.4,0.667,0.333,0.0,0.667,0.5,6,2,2.0,9,9,9,9,66.667,33.333,0.0,66.667,100.0,6.0,large_error_risk_low_bachelor_n,holdout_large_error_risk_tiny_n
196680,Excelsior University,233,1,strong,75.0,24679.0,6641.0,Excelsior University,1,1,1,0,1.0,1.0,1.0,0.0,0.0,0.5,1.0,2,2,1.0,2,2,2,2,100.0,0.0,0.0,100.0,100.0,2.0,large_error_risk_low_bachelor_n,holdout_large_error_risk_tiny_n
228802,The University of Texas at Tyler,240,1,usable,68.8,15684.0,5423.0,,0,0,0,0,,,,,,,,0,0,,0,0,0,0,,,,,,0.0,missing_from_export,holdout_missing_or_incomplete
240462,University of Wisconsin-Platteville,242,1,usable,67.8,15007.0,4122.0,,0,0,0,0,,,,,,,,0,0,,0,0,0,0,,,,,,0.0,missing_from_export,holdout_missing_or_incomplete
199111,University of North Carolina Asheville,259,1,thin,53.8,9403.0,2498.0,,0,0,0,0,,,,,,,,0,0,,0,0,0,0,,,,,,0.0,missing_from_export,holdout_missing_or_incomplete
195216,St Lawrence University,260,1,thin,53.7,9482.0,2659.0,,0,0,0,0,,,,,,,,0,0,,0,0,0,0,,,,,,0.0,missing_from_export,holdout_missing_or_incomplete
212577,Franklin and Marshall College,265,1,thin,51.4,8864.0,2550.0,,0,0,0,0,,,,,,,,0,0,,0,0,0,0,,,,,,0.0,missing_from_export,holdout_missing_or_incomplete
100654,Alabama A & M University,269,1,thin,49.8,7486.0,2351.0,Alabama A & M University,638,499,499,97,2.28,4.0,0.793,0.207,0.046,0.731,0.696,132,3,2.316,2364,2109,1718,816,78.464,21.319,4.055,74.287,94.784,544.0,large_error_risk_low_bachelor_n,enable_borderline_small_school
190691,CUNY York College,280,1,thin,45.0,5111.0,1810.0,,0,0,0,0,,,,,,,,0,0,,0,0,0,0,,,,,,0.0,missing_from_export,holdout_missing_or_incomplete
195164,St Bonaventure University,282,1,thin,43.7,5947.0,1648.0,,0,0,0,0,,,,,,,,0,0,,0,0,0,0,,,,,,0.0,missing_from_export,holdout_missing_or_incomplete
443410,DigiPen Institute of Technology,286,1,thin,42.7,5972.0,2772.0,,0,0,0,0,,,,,,,,0,0,,0,0,0,0,,,,,,0.0,missing_from_export,holdout_missing_or_incomplete
190035,CUNY System Office,287,1,thin,42.6,17777.0,7005.0,,0,0,0,0,,,,,,,,0,0,,0,0,0,0,,,,,,0.0,missing_from_export,holdout_missing_or_incomplete
175005,St Catherine University,293,1,thin,41.4,6536.0,1760.0,,0,0,0,0,,,,,,,,0,0,,0,0,0,0,,,,,,0.0,missing_from_export,holdout_missing_or_incomplete
156541,University of the Cumberlands,299,1,thin,39.1,4459.0,2436.0,,0,0,0,0,,,,,,,,0,0,,0,0,0,0,,,,,,0.0,missing_from_export,holdout_missing_or_incomplete
232256,Hampden-Sydney College,310,1,thin,35.7,3488.0,832.0,,0,0,0,0,,,,,,,,0,0,,0,0,0,0,,,,,,0.0,missing_from_export,holdout_missing_or_incomplete
224554,East Texas A&M University,311,1,thin,35.6,4316.0,1293.0,,0,0,0,0,,,,,,,,0,0,,0,0,0,0,,,,,,0.0,missing_from_export,holdout_missing_or_incomplete
190646,CUNY Medgar Evers College,315,1,avoid,34.1,4257.0,1371.0,,0,0,0,0,,,,,,,,0,0,,0,0,0,0,,,,,,0.0,missing_from_export,holdout_missing_or_incomplete
159416,Louisiana State University-Shreveport,320,1,avoid,31.7,4843.0,1403.0,Louisiana State University-Shreveport,7,2,2,1,1.91,2.37,0.667,0.333,0.0,0.667,0.25,11,2,2.333,20,20,20,19,80.0,20.0,0.0,80.0,100.0,5.0,large_error_risk_low_bachelor_n,holdout_large_error_risk_tiny_n
127200,Front Range Community College,325,1,avoid,22.8,652.0,349.0,,0,0,0,0,,,,,,,,0,0,,0,0,0,0,,,,,,0.0,missing_from_export,holdout_missing_or_incomplete
151342,Indiana University-South Bend,326,1,avoid,22.2,462.0,221.0,Indiana University-South Bend,5,3,3,1,1.0,1.0,0.75,0.25,0.0,0.75,0.5,14,3,0.875,20,20,20,20,75.0,25.0,0.0,75.0,87.5,8.0,large_error_risk_low_bachelor_n,holdout_large_error_risk_tiny_n
237686,West Virginia University at Parkersburg,327,1,avoid,20.7,1343.0,347.0,,0,0,0,0,,,,,,,,0,0,,0,0,0,0,,,,,,0.0,missing_from_export,holdout_missing_or_incomplete
474863,Los Angeles Pacific University,328,1,avoid,18.2,564.0,461.0,Los Angeles Pacific University,1,1,1,0,1.0,1.0,1.0,0.0,0.0,1.0,1.0,1,1,1.0,1,1,1,1,100.0,0.0,0.0,100.0,100.0,1.0,large_error_risk_low_bachelor_n,holdout_large_error_risk_tiny_n
181297,Nebraska Methodist College of Nursing & Allied Health,329,1,avoid,17.5,1155.0,396.0,,0,0,0,0,,,,,,,,0,0,,0,0,0,0,,,,,,0.0,missing_from_export,holdout_missing_or_incomplete
238263,Madison Area Technical College,330,1,avoid,14.1,349.0,131.0,Madison Area Technical College,1,0,0,0,,,,,,,0.0,3,0,,3,3,3,3,,,,,,0.0,large_error_risk_low_bachelor_n,holdout_large_error_risk_tiny_n
165884,Benjamin Franklin Cummings Institute of Technology,331,1,avoid,12.8,183.0,69.0,Benjamin Franklin Cummings Institute of Technology,479,88,88,28,1.82,4.0,0.885,0.115,0.01,0.864,0.152,100,3,1.712,1655,1539,835,470,89.167,11.344,0.114,89.053,91.2,125.0,large_error_risk_low_bachelor_n,holdout_large_error_risk_tiny_n
234951,Clover Park Technical College,332,1,avoid,11.5,160.0,104.0,,0,0,0,0,,,,,,,,0,0,,0,0,0,0,,,,,,0.0,missing_from_export,holdout_missing_or_incomplete
127617,Morgan Community College,333,1,avoid,8.1,138.0,30.0,,0,0,0,0,,,,,,,,0,0,,0,0,0,0,,,,,,0.0,missing_from_export,holdout_missing_or_incomplete
141963,University of Hawaii System Office,334,1,avoid,0.0,0.0,0.0,,0,0,0,0,,,,,,,,0,0,,0,0,0,0,,,,,,0.0,missing_from_export,holdout_missing_or_incomplete
204422,North Central State College,335,1,avoid,0.0,0.0,0.0,,0,0,0,0,,,,,,,,0,0,,0,0,0,0,,,,,,0.0,missing_from_export,holdout_missing_or_incomplete
105668,Rio Salado College,339,1,,,,,,0,0,0,0,,,,,,,,0,0,,0,0,0,0,,,,,,0.0,missing_from_export,holdout_missing_or_incomplete
117672,Southern California University of Health Sciences,341,1,,,,,,0,0,0,0,,,,,,,,0,0,,0,0,0,0,,,,,,0.0,missing_from_export,holdout_missing_or_incomplete
130989,Goldey-Beacom College,346,1,,,,,,0,0,0,0,,,,,,,,0,0,,0,0,0,0,,,,,,0.0,missing_from_export,holdout_missing_or_incomplete
161518,Saint Joseph's College of Maine,356,1,,,,,Saint Joseph's College of Maine,1,1,1,1,1.0,1.0,1.0,0.0,0.0,1.0,1.0,2,2,1.0,2,2,2,2,100.0,0.0,0.0,100.0,100.0,2.0,large_error_risk_low_bachelor_n,holdout_large_error_risk_tiny_n
171137,University of Michigan-Dearborn,361,1,,,,,,0,0,0,0,,,,,,,,0,0,,0,0,0,0,,,,,,0.0,missing_from_export,holdout_missing_or_incomplete
174251,University of Minnesota-Morris,362,1,,,,,University of Minnesota-Morris,1,1,1,1,1.7,1.7,1.0,0.0,0.0,1.0,1.0,1,1,2.0,2,2,2,2,100.0,0.0,0.0,100.0,100.0,2.0,large_error_risk_low_bachelor_n,holdout_large_error_risk_tiny_n
178059,Maryville University of Saint Louis,366,1,,,,,Maryville University of Saint Louis,1,1,1,0,3.3,3.3,1.0,0.0,0.0,1.0,1.0,3,3,3.0,6,6,6,6,100.0,0.0,0.0,100.0,100.0,6.0,large_error_risk_low_bachelor_n,holdout_large_error_risk_tiny_n
184603,Fairleigh Dickinson University-Metropolitan Campus,368,1,,,,,,0,0,0,0,,,,,,,,0,0,,0,0,0,0,,,,,,0.0,missing_from_export,holdout_missing_or_incomplete
190655,CUNY New York City College of Technology,370,1,,,,,,0,0,0,0,,,,,,,,0,0,,0,0,0,0,,,,,,0.0,missing_from_export,holdout_missing_or_incomplete
225575,Huston-Tillotson University,380,1,,,,,,0,0,0,0,,,,,,,,0,0,,0,0,0,0,,,,,,0.0,missing_from_export,holdout_missing_or_incomplete
229300,The University of Texas Health Science Center at Houston,382,1,,,,,,0,0,0,0,,,,,,,,0,0,,0,0,0,0,,,,,,0.0,missing_from_export,holdout_missing_or_incomplete
230782,Weber State University,383,1,,,,,Weber State University,1,0,0,0,,,,,,,0.0,2,0,,2,2,2,2,,,,,,0.0,large_error_risk_low_bachelor_n,holdout_large_error_risk_tiny_n
241216,Atlantic University,386,1,,,,,,0,0,0,0,,,,,,,,0,0,,0,0,0,0,,,,,,0.0,missing_from_export,holdout_missing_or_incomplete
431123,Escuela Tecnica de Electricidad,387,1,,,,,,0,0,0,0,,,,,,,,0,0,,0,0,0,0,,,,,,0.0,missing_from_export,holdout_missing_or_incomplete
459949,Texas A&M University-San Antonio,388,1,,,,,,0,0,0,0,,,,,,,,0,0,,0,0,0,0,,,,,,0.0,missing_from_export,holdout_missing_or_incomplete
498562,Commonwealth University of Pennsylvania,389,1,,,,,,0,0,0,0,,,,,,,,0,0,,0,0,0,0,,,,,,0.0,missing_from_export,holdout_missing_or_incomplete
221768,The University of Tennessee-Martin,394,7,review_match,51.2,9435.0,2217.0,The University of Tennessee-Martin,2,2,2,0,1.9,2.5,0.8,0.2,0.2,0.6,1.0,3,3,2.2,8,8,8,6,66.667,33.333,29.167,37.5,100.0,6.0,large_error_risk_low_bachelor_n,holdout_large_error_risk_tiny_n
178439,University of Missouri-System Office,395,6,review_match,5.3,13.0,2.0,,0,0,0,0,,,,,,,,0,0,,0,0,0,0,,,,,,0.0,missing_from_export,holdout_missing_or_incomplete
181215,University of Nebraska at Kearney,396,5,review_match,49.3,8596.0,2400.0,,0,0,0,0,,,,,,,,0,0,,0,0,0,0,,,,,,0.0,missing_from_export,holdout_missing_or_incomplete
171146,University of Michigan-Flint,398,4,review_match,53.2,9822.0,2780.0,,0,0,0,0,,,,,,,,0,0,,0,0,0,0,,,,,,0.0,missing_from_export,holdout_missing_or_incomplete
188526,Albany College of Pharmacy and Health Sciences,399,4,review_match,13.9,540.0,265.0,Albany College of Pharmacy and Health Sciences,2752,447,447,204,2.01,4.0,0.942,0.058,0.006,0.915,0.115,221,3,1.921,4013,5937,4395,554,93.788,6.085,0.386,93.301,91.414,185.0,large_error_risk_low_bachelor_n,enable_borderline_small_school
159407,Louisiana State University-Eunice,400,4,,,,,,0,0,0,0,,,,,,,,0,0,,0,0,0,0,,,,,,0.0,missing_from_export,holdout_missing_or_incomplete
228787,The University of Texas at Dallas,401,3,review_match,88.3,53013.0,24783.0,The University of Texas at Dallas,1,0,0,0,,,,,,,0.0,1,0,,2,2,2,2,,,,,,0.0,large_error_risk_low_bachelor_n,holdout_large_error_risk_tiny_n
191728,Hunter Business School,403,3,review_match,8.7,33.0,5.0,,0,0,0,0,,,,,,,,0,0,,0,0,0,0,,,,,,0.0,missing_from_export,holdout_missing_or_incomplete
186371,Rutgers University-Camden,404,2,review_match,56.7,10476.0,3277.0,,0,0,0,0,,,,,,,,0,0,,0,0,0,0,,,,,,0.0,missing_from_export,holdout_missing_or_incomplete
104586,Embry-Riddle Aeronautical University-Prescott,405,2,review_match,15.4,85.0,2.0,,0,0,0,0,,,,,,,,0,0,,0,0,0,0,,,,,,0.0,missing_from_export,holdout_missing_or_incomplete
163204,University of Maryland Global Campus,406,2,review_match,12.4,215.0,197.0,University of Maryland Global Campus,3,1,1,1,2.8,2.8,1.0,0.0,0.0,1.0,0.167,6,2,1.5,10,10,10,10,100.0,0.0,0.0,100.0,50.0,4.0,large_error_risk_low_bachelor_n,holdout_large_error_risk_tiny_n
110422,California Polytechnic State University-San Luis Obispo,407,1,review_match,93.0,71389.0,24989.0,,0,0,0,0,,,,,,,,0,0,,0,0,0,0,,,,,,0.0,missing_from_export,holdout_missing_or_incomplete
182290,University of Nevada-Reno,408,1,review_match,90.8,36965.0,12695.0,University of Nevada-Reno,210,150,150,63,1.98,4.0,0.816,0.184,0.003,0.799,0.627,82,3,1.901,653,628,565,262,83.303,16.49,0.046,83.257,93.373,165.0,large_error_risk_low_bachelor_n,enable_borderline_small_school
173920,Minnesota State University-Mankato,409,1,review_match,90.6,30113.0,9028.0,Minnesota State University-Mankato,1,0,0,0,,,,,,,0.0,2,0,,2,2,2,2,,,,,,0.0,large_error_risk_low_bachelor_n,holdout_large_error_risk_tiny_n
174233,University of Minnesota-Duluth,411,1,review_match,88.7,128442.0,37963.0,University of Minnesota-Duluth,4,3,3,1,1.48,2.44,0.833,0.167,0.0,0.833,0.556,9,3,1.0,11,11,11,11,87.5,12.5,0.0,87.5,75.0,8.0,large_error_risk_low_bachelor_n,holdout_large_error_risk_tiny_n
196185,SUNY Oneonta,412,1,review_match,69.5,17247.0,4274.0,SUNY Oneonta,1,0,0,0,,,,,,,0.0,2,0,,2,2,2,2,,,,,,0.0,large_error_risk_low_bachelor_n,holdout_large_error_risk_tiny_n
150066,Anderson University,413,1,review_match,54.8,10315.0,2974.0,,0,0,0,0,,,,,,,,0,0,,0,0,0,0,,,,,,0.0,missing_from_export,holdout_missing_or_incomplete
128106,Colorado State University Pueblo,416,1,review_match,46.1,7378.0,1625.0,,0,0,0,0,,,,,,,,0,0,,0,0,0,0,,,,,,0.0,missing_from_export,holdout_missing_or_incomplete
190576,CUNY Graduate School and University Center,420,1,review_match,11.3,116.0,27.0,,0,0,0,0,,,,,,,,0,0,,0,0,0,0,,,,,,0.0,missing_from_export,holdout_missing_or_incomplete
196246,State University of New York at Plattsburgh,421,1,review_match,0.0,0.0,0.0,,0,0,0,0,,,,,,,,0,0,,0,0,0,0,,,,,,0.0,missing_from_export,holdout_missing_or_incomplete
201469,Bryant & Stratton College-Parma,422,1,review_match,0.0,0.0,0.0,,0,0,0,0,,,,,,,,0,0,,0,0,0,0,,,,,,0.0,missing_from_export,holdout_missing_or_incomplete
215266,University of Pittsburgh-Bradford,423,1,review_match,0.0,0.0,0.0,,0,0,0,0,,,,,,,,0,0,,0,0,0,0,,,,,,0.0,missing_from_export,holdout_missing_or_incomplete
449728,ATA College,424,1,,,,,,0,0,0,0,,,,,,,,0,0,,0,0,0,0,,,,,,0.0,missing_from_export,holdout_missing_or_incomplete
228778,The University of Texas at Austin,425,15,strong,89.2,153775.0,49745.0,The University of Texas at Austin,6,1,1,0,4.0,4.0,1.0,0.0,0.0,1.0,0.133,15,3,2.667,23,23,23,23,100.0,0.0,0.0,100.0,66.667,6.0,large_error_risk_low_bachelor_n,holdout_large_error_risk_tiny_n
134130,University of Florida,427,13,strong,89.0,139813.0,47716.0,University of Florida,103,18,18,8,1.67,4.0,0.741,0.259,0.0,0.704,0.138,78,3,2.333,265,258,260,165,75.269,24.731,0.0,75.269,93.548,31.0,large_error_risk_low_bachelor_n,holdout_large_error_risk_tiny_n
110617,California State University-Sacramento,433,10,strong,90.5,66976.0,22178.0,California State University-Sacramento,1,0,0,0,,,,,,,0.0,2,0,,4,4,4,4,,,,,,0.0,large_error_risk_low_bachelor_n,holdout_large_error_risk_tiny_n
218663,University of South Carolina-Columbia,441,7,strong,90.3,76575.0,27222.0,University of South Carolina-Columbia,6,2,2,0,1.41,1.69,0.6,0.4,0.0,0.6,0.286,14,3,1.4,21,21,21,21,50.0,50.0,0.0,50.0,87.5,8.0,large_error_risk_low_bachelor_n,holdout_large_error_risk_tiny_n
204796,Ohio State University-Main Campus,442,7,strong,90.2,158542.0,51776.0,Ohio State University-Main Campus,5,4,4,0,1.0,1.0,1.0,0.0,0.0,1.0,0.643,14,3,1.0,17,17,17,17,100.0,0.0,0.0,100.0,100.0,9.0,large_error_risk_low_bachelor_n,holdout_large_error_risk_tiny_n
234076,University of Virginia-Main Campus,446,7,strong,88.1,65615.0,22206.0,University of Virginia-Main Campus,1,0,0,0,,,,,,,0.0,2,0,,2,2,2,2,,,,,,0.0,large_error_risk_low_bachelor_n,holdout_large_error_risk_tiny_n
110653,University of California-Irvine,448,6,strong,90.5,92219.0,32991.0,University of California-Irvine,3,1,1,1,1.0,1.0,1.0,0.0,0.0,1.0,0.2,5,1,1.0,5,5,5,5,100.0,0.0,0.0,100.0,100.0,1.0,large_error_risk_low_bachelor_n,holdout_large_error_risk_tiny_n
134097,Florida State University,449,6,strong,90.5,120759.0,38072.0,Florida State University,5,1,1,0,3.26,3.26,1.0,0.0,0.5,0.5,0.2,10,2,3.0,12,12,12,12,100.0,0.0,50.0,50.0,100.0,4.0,large_error_risk_low_bachelor_n,holdout_large_error_risk_tiny_n
110635,University of California-Berkeley,451,6,strong,87.8,134138.0,45886.0,University of California-Berkeley,7,0,0,0,,,,,,,0.0,12,0,,16,16,16,16,,,,,,0.0,large_error_risk_low_bachelor_n,holdout_large_error_risk_tiny_n
110565,California State University-Fullerton,455,5,strong,91.3,98053.0,33061.0,California State University-Fullerton,1,1,1,0,3.29,3.29,1.0,0.0,0.0,1.0,1.0,2,2,3.0,4,4,4,4,100.0,0.0,0.0,100.0,100.0,4.0,large_error_risk_low_bachelor_n,holdout_large_error_risk_tiny_n
229027,The University of Texas at San Antonio,456,5,strong,91.3,64916.0,24130.0,The University of Texas at San Antonio,2,0,0,0,,,,,,,0.0,4,0,,6,6,6,6,,,,,,0.0,large_error_risk_low_bachelor_n,holdout_large_error_risk_tiny_n
225511,University of Houston,459,5,strong,89.1,106252.0,39449.0,University of Houston,4,0,0,0,,,,,,,0.0,8,0,,11,11,11,11,,,,,,0.0,large_error_risk_low_bachelor_n,holdout_large_error_risk_tiny_n
163268,University of Maryland-Baltimore County,462,4,strong,89.8,31711.0,9819.0,University of Maryland-Baltimore County,2,0,0,0,,,,,,,0.0,5,0,,5,5,5,5,,,,,,0.0,large_error_risk_low_bachelor_n,holdout_large_error_risk_tiny_n
240444,University of Wisconsin-Madison,465,4,strong,89.5,113098.0,38287.0,University of Wisconsin-Madison,3,3,3,1,1.48,1.8,1.0,0.0,0.0,0.714,0.714,7,3,1.143,13,13,13,13,100.0,0.0,0.0,100.0,76.923,13.0,large_error_risk_low_bachelor_n,holdout_large_error_risk_tiny_n
139959,University of Georgia,470,3,strong,90.7,101173.0,35036.0,University of Georgia,3,1,1,0,1.0,1.0,1.0,0.0,0.5,0.5,0.4,5,2,1.0,5,5,5,5,100.0,0.0,50.0,50.0,100.0,2.0,large_error_risk_low_bachelor_n,holdout_large_error_risk_tiny_n
209551,University of Oregon,489,1,strong,90.6,62160.0,18063.0,University of Oregon,6,4,4,0,2.39,4.0,0.857,0.143,0.286,0.571,0.636,10,3,2.286,17,17,17,16,81.818,18.182,31.818,50.0,100.0,11.0,large_error_risk_low_bachelor_n,holdout_large_error_risk_tiny_n
110680,University of California-San Diego,490,1,strong,90.5,103583.0,39283.0,University of California-San Diego,1,1,1,0,3.2,3.2,0.0,1.0,0.0,0.0,1.0,1,1,3.0,2,2,2,2,0.0,100.0,0.0,0.0,100.0,2.0,large_error_risk_low_bachelor_n,holdout_large_error_risk_tiny_n
110644,University of California-Davis,491,1,strong,90.2,101735.0,33846.0,University of California-Davis,4,0,0,0,,,,,,,0.0,8,0,,13,13,13,13,,,,,,0.0,large_error_risk_low_bachelor_n,holdout_large_error_risk_tiny_n
110608,California State University-Northridge,492,1,strong,90.1,89150.0,27884.0,California State University-Northridge,3,0,0,0,,,,,,,0.0,6,0,,12,12,12,12,,,,,,0.0,large_error_risk_low_bachelor_n,holdout_large_error_risk_tiny_n
231174,University of Vermont,503,5,strong,91.3,35290.0,11213.0,University of Vermont,1,0,0,0,,,,,,,0.0,2,0,,4,4,4,4,,,,,,0.0,large_error_risk_low_bachelor_n,holdout_large_error_risk_tiny_n
